influencer_id,name,category,gender,follower_count,platform
1,Influencer_1,Nutrition,Female,308899,Instagram
2,Influencer_2,Lifestyle,Other,353100,Twitter
3,Influencer_3,Fitness,Male,91988,YouTube
4,Influencer_4,Nutrition,Male,50648,Twitter
5,Influencer_5,Nutrition,Male,130991,YouTube
6,Influencer_6,Lifestyle,Male,407732,Twitter
7,Influencer_7,Fitness,Male,382149,YouTube
8,Influencer_8,Fitness,Male,7396,YouTube
9,Influencer_9,Nutrition,Male,89082,YouTube
10,Influencer_10,Wellness,Female,417345,YouTube
11,Influencer_11,Nutrition,Other,133322,Instagram
12,Influencer_12,Nutrition,Male,137663,YouTube
13,Influencer_13,Nutrition,Female,16303,Instagram
14,Influencer_14,Nutrition,Female,166633,Instagram
15,Influencer_15,Lifestyle,Other,338863,YouTube
16,Influencer_16,Fitness,Male,254690,Instagram
17,Influencer_17,Lifestyle,Other,490324,Twitter
18,Influencer_18,Lifestyle,Male,264820,YouTube
19,Influencer_19,Lifestyle,Female,104616,Instagram
20,Influencer_20,Nutrition,Female,391309,YouTube
21,Influencer_21,Wellness,Female,91231,YouTube
22,Influencer_22,Fitness,Female,274458,YouTube
23,Influencer_23,Wellness,Other,24623,Instagram
24,Influencer_24,Lifestyle,Male,203747,Twitter
25,Influencer_25,Lifestyle,Male,495042,Twitter
26,Influencer_26,Wellness,Other,463298,Instagram
27,Influencer_27,Wellness,Male,481840,YouTube
28,Influencer_28,Wellness,Female,110228,Instagram
29,Influencer_29,Lifestyle,Male,431346,Instagram
30,Influencer_30,Lifestyle,Female,187828,Instagram
31,Influencer_31,Fitness,Other,364768,YouTube
32,Influencer_32,Fitness,Male,162364,Instagram
33,Influencer_33,Lifestyle,Other,378929,YouTube
34,Influencer_34,Wellness,Male,353350,Instagram
35,Influencer_35,Wellness,Female,74274,Twitter
36,Influencer_36,Fitness,Other,138541,Instagram
37,Influencer_37,Lifestyle,Male,58947,Instagram
38,Influencer_38,Fitness,Female,158606,Twitter
39,Influencer_39,Fitness,Other,199692,YouTube
40,Influencer_40,Nutrition,Other,53874,YouTube
41,Influencer_41,Nutrition,Male,54708,Instagram
42,Influencer_42,Nutrition,Male,79553,Twitter
43,Influencer_43,Wellness,Male,73344,YouTube
44,Influencer_44,Lifestyle,Female,316282,Instagram
45,Influencer_45,Lifestyle,Male,190374,Twitter
46,Influencer_46,Lifestyle,Other,52638,YouTube
47,Influencer_47,Lifestyle,Other,83249,YouTube
48,Influencer_48,Nutrition,Male,373009,Twitter
49,Influencer_49,Wellness,Male,7719,Twitter
50,Influencer_50,Wellness,Other,158962,Twitter
51,Influencer_51,Nutrition,Female,475452,Twitter
52,Influencer_52,Wellness,Male,434725,Instagram
53,Influencer_53,Nutrition,Male,47534,Twitter
54,Influencer_54,Lifestyle,Other,97241,YouTube
55,Influencer_55,Nutrition,Male,417003,YouTube
56,Influencer_56,Lifestyle,Female,131209,Instagram
57,Influencer_57,Lifestyle,Other,447061,YouTube
58,Influencer_58,Fitness,Male,194004,YouTube
59,Influencer_59,Nutrition,Other,97124,Twitter
60,Influencer_60,Fitness,Male,96659,YouTube
61,Influencer_61,Nutrition,Male,169134,Instagram
62,Influencer_62,Nutrition,Male,80713,Twitter
63,Influencer_63,Fitness,Female,223335,Twitter
64,Influencer_64,Fitness,Female,493972,Instagram
65,Influencer_65,Nutrition,Other,458677,Twitter
66,Influencer_66,Wellness,Male,80418,Twitter
67,Influencer_67,Lifestyle,Male,464888,Instagram
68,Influencer_68,Fitness,Female,133232,Twitter
69,Influencer_69,Lifestyle,Male,433048,Instagram
70,Influencer_70,Wellness,Female,168038,Instagram
71,Influencer_71,Wellness,Male,470761,YouTube
72,Influencer_72,Wellness,Other,411203,YouTube
73,Influencer_73,Fitness,Male,173383,Twitter
74,Influencer_74,Wellness,Male,298719,Twitter
75,Influencer_75,Fitness,Female,330996,Instagram
76,Influencer_76,Wellness,Male,263722,Twitter
77,Influencer_77,Lifestyle,Male,137079,Instagram
78,Influencer_78,Lifestyle,Female,207053,Instagram
79,Influencer_79,Nutrition,Other,81242,Twitter
80,Influencer_80,Lifestyle,Other,183589,Instagram
81,Influencer_81,Nutrition,Female,34257,YouTube
82,Influencer_82,Lifestyle,Female,485488,Twitter
83,Influencer_83,Fitness,Female,440423,YouTube
84,Influencer_84,Lifestyle,Female,149353,Twitter
85,Influencer_85,Nutrition,Female,328390,Instagram
86,Influencer_86,Nutrition,Other,268579,Twitter
87,Influencer_87,Wellness,Other,234947,YouTube
88,Influencer_88,Fitness,Female,236758,Instagram
89,Influencer_89,Lifestyle,Male,96357,Twitter
90,Influencer_90,Wellness,Female,162732,Twitter
91,Influencer_91,Lifestyle,Male,403300,Twitter
92,Influencer_92,Lifestyle,Female,480413,YouTube
93,Influencer_93,Wellness,Female,411723,YouTube
94,Influencer_94,Wellness,Other,208667,Twitter
95,Influencer_95,Wellness,Male,88807,Instagram
96,Influencer_96,Wellness,Male,443755,Instagram
97,Influencer_97,Wellness,Other,383097,YouTube
98,Influencer_98,Lifestyle,Other,143563,Instagram
99,Influencer_99,Wellness,Other,263778,YouTube
100,Influencer_100,Fitness,Other,186264,Twitter
101,Influencer_101,Nutrition,Male,478611,YouTube
102,Influencer_102,Wellness,Male,390941,YouTube
103,Influencer_103,Wellness,Female,331032,Twitter
104,Influencer_104,Lifestyle,Female,78609,Instagram
105,Influencer_105,Wellness,Other,276221,YouTube
106,Influencer_106,Wellness,Other,253512,YouTube
107,Influencer_107,Wellness,Other,258973,Twitter
108,Influencer_108,Lifestyle,Female,288097,Instagram
109,Influencer_109,Wellness,Female,475135,YouTube
110,Influencer_110,Nutrition,Female,381826,Twitter
111,Influencer_111,Lifestyle,Female,335033,YouTube
112,Influencer_112,Nutrition,Female,159893,Twitter
113,Influencer_113,Lifestyle,Female,435783,Instagram
114,Influencer_114,Wellness,Female,120374,Instagram
115,Influencer_115,Nutrition,Other,29860,Instagram
116,Influencer_116,Lifestyle,Other,157267,Instagram
117,Influencer_117,Fitness,Other,82475,YouTube
118,Influencer_118,Wellness,Other,489090,YouTube
119,Influencer_119,Lifestyle,Female,354410,Instagram
120,Influencer_120,Fitness,Male,157499,Instagram
121,Influencer_121,Lifestyle,Female,367876,Instagram
122,Influencer_122,Fitness,Male,294227,YouTube
123,Influencer_123,Wellness,Other,223118,Instagram
124,Influencer_124,Nutrition,Female,324516,Instagram
125,Influencer_125,Fitness,Other,128786,Instagram
126,Influencer_126,Lifestyle,Female,442280,Twitter
127,Influencer_127,Wellness,Other,12813,Instagram
128,Influencer_128,Fitness,Male,36598,Twitter
129,Influencer_129,Lifestyle,Male,262951,Twitter
130,Influencer_130,Lifestyle,Male,98106,Instagram
131,Influencer_131,Lifestyle,Female,294226,Twitter
132,Influencer_132,Fitness,Male,296385,Instagram
133,Influencer_133,Fitness,Female,232286,YouTube
134,Influencer_134,Fitness,Male,442785,YouTube
135,Influencer_135,Nutrition,Male,16745,YouTube
136,Influencer_136,Fitness,Female,293173,YouTube
137,Influencer_137,Fitness,Female,149097,Twitter
138,Influencer_138,Fitness,Male,237732,Instagram
139,Influencer_139,Nutrition,Female,390539,Instagram
140,Influencer_140,Fitness,Male,150360,Instagram
141,Influencer_141,Lifestyle,Female,94186,YouTube
142,Influencer_142,Fitness,Other,404756,YouTube
143,Influencer_143,Lifestyle,Other,364912,Instagram
144,Influencer_144,Lifestyle,Other,218030,YouTube
145,Influencer_145,Lifestyle,Other,204950,Instagram
146,Influencer_146,Nutrition,Other,46846,Instagram
147,Influencer_147,Nutrition,Male,499364,Instagram
148,Influencer_148,Nutrition,Other,343076,Instagram
149,Influencer_149,Fitness,Other,153554,Instagram
150,Influencer_150,Lifestyle,Other,290555,Instagram
151,Influencer_151,Nutrition,Other,449191,Instagram
152,Influencer_152,Nutrition,Female,458761,YouTube
153,Influencer_153,Fitness,Male,345941,Instagram
154,Influencer_154,Nutrition,Other,319451,Instagram
155,Influencer_155,Fitness,Other,401309,YouTube
156,Influencer_156,Wellness,Other,475474,YouTube
157,Influencer_157,Nutrition,Male,289186,YouTube
158,Influencer_158,Wellness,Female,57930,Instagram
159,Influencer_159,Fitness,Male,253656,Twitter
160,Influencer_160,Lifestyle,Female,442629,Twitter
161,Influencer_161,Nutrition,Other,249459,YouTube
162,Influencer_162,Fitness,Other,229695,Twitter
163,Influencer_163,Lifestyle,Male,365027,YouTube
164,Influencer_164,Lifestyle,Male,300900,Instagram
165,Influencer_165,Wellness,Female,58268,Twitter
166,Influencer_166,Fitness,Female,437430,Instagram
167,Influencer_167,Lifestyle,Male,217943,Twitter
168,Influencer_168,Nutrition,Female,263916,Instagram
169,Influencer_169,Nutrition,Male,426818,Twitter
170,Influencer_170,Wellness,Female,189403,Instagram
171,Influencer_171,Lifestyle,Male,53901,Instagram
172,Influencer_172,Fitness,Male,367130,Twitter
173,Influencer_173,Nutrition,Male,199488,Instagram
174,Influencer_174,Lifestyle,Female,168268,Instagram
175,Influencer_175,Lifestyle,Female,395530,Instagram
176,Influencer_176,Wellness,Female,272770,Twitter
177,Influencer_177,Nutrition,Male,143496,Twitter
178,Influencer_178,Nutrition,Female,280001,Instagram
179,Influencer_179,Fitness,Female,246531,Instagram
180,Influencer_180,Nutrition,Male,251693,Twitter
181,Influencer_181,Fitness,Other,418198,Twitter
182,Influencer_182,Nutrition,Male,475177,Instagram
183,Influencer_183,Wellness,Female,400196,Instagram
184,Influencer_184,Nutrition,Male,184362,Instagram
185,Influencer_185,Fitness,Other,31431,YouTube
186,Influencer_186,Fitness,Male,352120,Twitter
187,Influencer_187,Wellness,Female,243360,YouTube
188,Influencer_188,Nutrition,Other,349855,Twitter
189,Influencer_189,Nutrition,Female,31385,Twitter
190,Influencer_190,Wellness,Other,436374,Twitter
191,Influencer_191,Nutrition,Other,421235,Twitter
192,Influencer_192,Nutrition,Male,285783,Twitter
193,Influencer_193,Fitness,Male,90530,Twitter
194,Influencer_194,Nutrition,Female,235983,Twitter
195,Influencer_195,Nutrition,Male,288707,YouTube
196,Influencer_196,Wellness,Male,437557,Instagram
197,Influencer_197,Wellness,Other,382816,Instagram
198,Influencer_198,Lifestyle,Male,403992,YouTube
199,Influencer_199,Fitness,Other,434660,YouTube
200,Influencer_200,Nutrition,Other,467132,YouTube
201,Influencer_201,Nutrition,Other,406927,YouTube
202,Influencer_202,Lifestyle,Female,210390,Twitter
203,Influencer_203,Nutrition,Female,350114,Instagram
204,Influencer_204,Fitness,Female,248373,Twitter
205,Influencer_205,Lifestyle,Other,352697,Instagram
206,Influencer_206,Fitness,Female,166779,Instagram
207,Influencer_207,Lifestyle,Female,175182,YouTube
208,Influencer_208,Lifestyle,Male,197860,Twitter
209,Influencer_209,Wellness,Female,87879,YouTube
210,Influencer_210,Fitness,Female,437043,Twitter
211,Influencer_211,Nutrition,Other,243260,Instagram
212,Influencer_212,Nutrition,Other,403871,YouTube
213,Influencer_213,Fitness,Other,312003,YouTube
214,Influencer_214,Nutrition,Other,451841,Instagram
215,Influencer_215,Nutrition,Other,319242,Instagram
216,Influencer_216,Fitness,Other,151323,Instagram
217,Influencer_217,Lifestyle,Female,127413,YouTube
218,Influencer_218,Fitness,Other,267670,Twitter
219,Influencer_219,Lifestyle,Other,335904,YouTube
220,Influencer_220,Nutrition,Male,52837,Twitter
221,Influencer_221,Nutrition,Female,265550,YouTube
222,Influencer_222,Nutrition,Female,278680,YouTube
223,Influencer_223,Wellness,Female,33541,Instagram
224,Influencer_224,Lifestyle,Other,84083,Twitter
225,Influencer_225,Wellness,Other,449243,YouTube
226,Influencer_226,Wellness,Other,39531,YouTube
227,Influencer_227,Fitness,Male,275856,Instagram
228,Influencer_228,Wellness,Other,371245,Instagram
229,Influencer_229,Fitness,Male,332599,Twitter
230,Influencer_230,Fitness,Female,79744,YouTube
231,Influencer_231,Wellness,Other,257859,Twitter
232,Influencer_232,Lifestyle,Male,134749,YouTube
233,Influencer_233,Lifestyle,Male,272253,Twitter
234,Influencer_234,Lifestyle,Other,316412,Instagram
235,Influencer_235,Lifestyle,Female,236809,YouTube
236,Influencer_236,Lifestyle,Female,321759,Twitter
237,Influencer_237,Wellness,Female,87503,Instagram
238,Influencer_238,Wellness,Male,259346,Instagram
239,Influencer_239,Nutrition,Male,427975,Twitter
240,Influencer_240,Lifestyle,Male,90708,YouTube
241,Influencer_241,Wellness,Male,196184,YouTube
242,Influencer_242,Nutrition,Female,107471,Instagram
243,Influencer_243,Lifestyle,Other,259225,YouTube
244,Influencer_244,Fitness,Male,162661,YouTube
245,Influencer_245,Nutrition,Male,166087,YouTube
246,Influencer_246,Wellness,Female,165081,Instagram
247,Influencer_247,Fitness,Other,350453,Twitter
248,Influencer_248,Fitness,Other,393590,YouTube
249,Influencer_249,Fitness,Female,198118,Instagram
250,Influencer_250,Nutrition,Female,373805,Instagram
251,Influencer_251,Wellness,Other,162215,Twitter
252,Influencer_252,Fitness,Male,11154,YouTube
253,Influencer_253,Lifestyle,Other,157876,YouTube
254,Influencer_254,Fitness,Female,439904,Twitter
255,Influencer_255,Fitness,Male,69288,Twitter
256,Influencer_256,Nutrition,Male,56195,Instagram
257,Influencer_257,Nutrition,Female,287725,Instagram
258,Influencer_258,Wellness,Female,450864,Twitter
259,Influencer_259,Lifestyle,Female,297231,YouTube
260,Influencer_260,Nutrition,Other,186002,Instagram
261,Influencer_261,Fitness,Other,169053,Instagram
262,Influencer_262,Wellness,Male,74298,YouTube
263,Influencer_263,Fitness,Female,313311,Instagram
264,Influencer_264,Fitness,Male,211376,YouTube
265,Influencer_265,Nutrition,Male,441624,YouTube
266,Influencer_266,Wellness,Male,44499,YouTube
267,Influencer_267,Lifestyle,Male,392960,Twitter
268,Influencer_268,Lifestyle,Female,450485,Twitter
269,Influencer_269,Nutrition,Male,174631,Twitter
270,Influencer_270,Nutrition,Female,250198,YouTube
271,Influencer_271,Wellness,Female,472535,YouTube
272,Influencer_272,Lifestyle,Other,247997,Twitter
273,Influencer_273,Lifestyle,Female,493533,Instagram
274,Influencer_274,Lifestyle,Other,101347,YouTube
275,Influencer_275,Fitness,Female,315931,Instagram
276,Influencer_276,Lifestyle,Female,302632,Instagram
277,Influencer_277,Fitness,Female,341585,YouTube
278,Influencer_278,Wellness,Other,210735,YouTube
279,Influencer_279,Fitness,Other,27431,Instagram
280,Influencer_280,Wellness,Male,328825,Instagram
281,Influencer_281,Lifestyle,Other,199555,Twitter
282,Influencer_282,Lifestyle,Other,127720,Twitter
283,Influencer_283,Wellness,Other,54153,YouTube
284,Influencer_284,Nutrition,Other,273512,Twitter
285,Influencer_285,Wellness,Male,425640,Twitter
286,Influencer_286,Nutrition,Other,379504,Twitter
287,Influencer_287,Fitness,Female,181076,Twitter
288,Influencer_288,Fitness,Female,482085,Instagram
289,Influencer_289,Fitness,Other,224724,YouTube
290,Influencer_290,Lifestyle,Other,379899,Twitter
291,Influencer_291,Fitness,Female,61985,Instagram
292,Influencer_292,Nutrition,Female,317213,Instagram
293,Influencer_293,Fitness,Male,319470,Instagram
294,Influencer_294,Wellness,Female,113737,Twitter
295,Influencer_295,Wellness,Female,217133,Twitter
296,Influencer_296,Lifestyle,Other,159470,YouTube
297,Influencer_297,Wellness,Female,234465,Twitter
298,Influencer_298,Nutrition,Male,55861,Twitter
299,Influencer_299,Fitness,Female,343041,Instagram
300,Influencer_300,Lifestyle,Other,217977,YouTube
301,Influencer_301,Fitness,Other,132118,Twitter
302,Influencer_302,Fitness,Female,335721,Twitter
303,Influencer_303,Nutrition,Other,201713,Instagram
304,Influencer_304,Wellness,Male,14078,Instagram
305,Influencer_305,Wellness,Male,423219,Twitter
306,Influencer_306,Fitness,Female,329912,YouTube
307,Influencer_307,Lifestyle,Female,56047,YouTube
308,Influencer_308,Wellness,Female,338770,Instagram
309,Influencer_309,Lifestyle,Other,324804,Instagram
310,Influencer_310,Wellness,Male,240458,Twitter
311,Influencer_311,Lifestyle,Male,448002,Instagram
312,Influencer_312,Nutrition,Other,400141,Twitter
313,Influencer_313,Lifestyle,Male,220048,YouTube
314,Influencer_314,Nutrition,Female,241293,YouTube
315,Influencer_315,Nutrition,Female,122832,Twitter
316,Influencer_316,Lifestyle,Female,397550,Instagram
317,Influencer_317,Nutrition,Male,130150,YouTube
318,Influencer_318,Fitness,Female,162087,Instagram
319,Influencer_319,Nutrition,Other,38320,YouTube
320,Influencer_320,Wellness,Other,332025,Twitter
321,Influencer_321,Lifestyle,Male,95827,Twitter
322,Influencer_322,Fitness,Other,369359,Twitter
323,Influencer_323,Lifestyle,Other,424505,YouTube
324,Influencer_324,Wellness,Male,264931,Instagram
325,Influencer_325,Wellness,Female,401605,Instagram
326,Influencer_326,Wellness,Female,423899,Instagram
327,Influencer_327,Nutrition,Female,411845,YouTube
328,Influencer_328,Nutrition,Male,328694,YouTube
329,Influencer_329,Lifestyle,Other,29826,YouTube
330,Influencer_330,Lifestyle,Female,105734,YouTube
331,Influencer_331,Fitness,Female,162702,YouTube
332,Influencer_332,Fitness,Male,234834,Instagram
333,Influencer_333,Lifestyle,Female,182235,YouTube
334,Influencer_334,Nutrition,Male,103511,YouTube
335,Influencer_335,Wellness,Other,464651,Instagram
336,Influencer_336,Lifestyle,Male,278797,YouTube
337,Influencer_337,Fitness,Male,164033,Instagram
338,Influencer_338,Nutrition,Male,86941,Instagram
339,Influencer_339,Lifestyle,Male,210209,Twitter
340,Influencer_340,Lifestyle,Other,300806,Twitter
341,Influencer_341,Nutrition,Other,103818,Twitter
342,Influencer_342,Lifestyle,Female,454662,Twitter
343,Influencer_343,Nutrition,Other,157360,YouTube
344,Influencer_344,Wellness,Other,258627,Twitter
345,Influencer_345,Nutrition,Female,100081,Instagram
346,Influencer_346,Nutrition,Other,41877,YouTube
347,Influencer_347,Nutrition,Male,378706,Twitter
348,Influencer_348,Lifestyle,Male,413529,Instagram
349,Influencer_349,Lifestyle,Female,216957,YouTube
350,Influencer_350,Nutrition,Female,77715,YouTube
351,Influencer_351,Lifestyle,Female,146398,Twitter
352,Influencer_352,Fitness,Male,115091,YouTube
353,Influencer_353,Fitness,Other,137632,Instagram
354,Influencer_354,Lifestyle,Male,346292,YouTube
355,Influencer_355,Lifestyle,Female,88186,Instagram
356,Influencer_356,Nutrition,Other,424961,YouTube
357,Influencer_357,Wellness,Other,167962,Twitter
358,Influencer_358,Lifestyle,Male,156094,Instagram
359,Influencer_359,Fitness,Female,390773,YouTube
360,Influencer_360,Nutrition,Male,450795,YouTube
361,Influencer_361,Lifestyle,Other,75316,YouTube
362,Influencer_362,Fitness,Male,482063,Instagram
363,Influencer_363,Fitness,Male,33380,Instagram
364,Influencer_364,Wellness,Female,115198,Instagram
365,Influencer_365,Nutrition,Female,269500,Twitter
366,Influencer_366,Nutrition,Other,75326,Twitter
367,Influencer_367,Wellness,Male,359591,Instagram
368,Influencer_368,Wellness,Male,119994,YouTube
369,Influencer_369,Nutrition,Male,225971,Twitter
370,Influencer_370,Nutrition,Other,287193,Instagram
371,Influencer_371,Lifestyle,Other,473933,YouTube
372,Influencer_372,Lifestyle,Female,372505,Twitter
373,Influencer_373,Wellness,Female,283226,YouTube
374,Influencer_374,Lifestyle,Female,267805,YouTube
375,Influencer_375,Fitness,Male,173484,YouTube
376,Influencer_376,Lifestyle,Male,270064,YouTube
377,Influencer_377,Lifestyle,Female,489410,Twitter
378,Influencer_378,Fitness,Male,250378,Twitter
379,Influencer_379,Wellness,Female,458531,Twitter
380,Influencer_380,Fitness,Other,346705,Instagram
381,Influencer_381,Lifestyle,Female,276090,Twitter
382,Influencer_382,Wellness,Other,230314,YouTube
383,Influencer_383,Lifestyle,Male,443716,Twitter
384,Influencer_384,Fitness,Female,240612,YouTube
385,Influencer_385,Fitness,Male,283453,Instagram
386,Influencer_386,Lifestyle,Other,60230,YouTube
387,Influencer_387,Nutrition,Other,378966,YouTube
388,Influencer_388,Nutrition,Other,496872,YouTube
389,Influencer_389,Fitness,Male,428243,Instagram
390,Influencer_390,Fitness,Male,470757,Twitter
391,Influencer_391,Nutrition,Male,379484,Twitter
392,Influencer_392,Nutrition,Male,64321,Instagram
393,Influencer_393,Lifestyle,Other,137028,YouTube
394,Influencer_394,Lifestyle,Other,236447,Twitter
395,Influencer_395,Nutrition,Female,341275,Instagram
396,Influencer_396,Lifestyle,Female,446124,Twitter
397,Influencer_397,Lifestyle,Male,476555,Instagram
398,Influencer_398,Wellness,Other,293107,YouTube
399,Influencer_399,Lifestyle,Other,106757,Twitter
400,Influencer_400,Fitness,Other,437659,Instagram
401,Influencer_401,Lifestyle,Female,366403,Twitter
402,Influencer_402,Lifestyle,Female,306207,Twitter
403,Influencer_403,Nutrition,Other,381369,Twitter
404,Influencer_404,Fitness,Other,383544,Twitter
405,Influencer_405,Lifestyle,Other,347962,Instagram
406,Influencer_406,Lifestyle,Female,271847,YouTube
407,Influencer_407,Wellness,Other,201200,Instagram
408,Influencer_408,Lifestyle,Other,77099,Instagram
409,Influencer_409,Lifestyle,Male,424065,Instagram
410,Influencer_410,Wellness,Male,167932,YouTube
411,Influencer_411,Nutrition,Female,36585,Twitter
412,Influencer_412,Lifestyle,Other,420231,Twitter
413,Influencer_413,Wellness,Other,475755,Twitter
414,Influencer_414,Fitness,Male,48585,YouTube
415,Influencer_415,Nutrition,Female,294102,Twitter
416,Influencer_416,Fitness,Male,293161,YouTube
417,Influencer_417,Fitness,Male,474923,Twitter
418,Influencer_418,Wellness,Male,391821,Twitter
419,Influencer_419,Lifestyle,Male,443566,Instagram
420,Influencer_420,Wellness,Other,410417,YouTube
421,Influencer_421,Wellness,Other,296570,Instagram
422,Influencer_422,Wellness,Male,284922,Instagram
423,Influencer_423,Wellness,Female,181313,Instagram
424,Influencer_424,Nutrition,Female,47229,YouTube
425,Influencer_425,Lifestyle,Female,91652,YouTube
426,Influencer_426,Fitness,Female,395411,Twitter
427,Influencer_427,Fitness,Male,254474,Instagram
428,Influencer_428,Lifestyle,Other,184436,Twitter
429,Influencer_429,Fitness,Female,497049,Instagram
430,Influencer_430,Lifestyle,Male,393647,YouTube
431,Influencer_431,Fitness,Female,265116,YouTube
432,Influencer_432,Wellness,Female,352022,YouTube
433,Influencer_433,Fitness,Male,324200,Instagram
434,Influencer_434,Lifestyle,Other,425706,YouTube
435,Influencer_435,Lifestyle,Other,24975,Instagram
436,Influencer_436,Lifestyle,Male,162795,Twitter
437,Influencer_437,Lifestyle,Other,421495,Instagram
438,Influencer_438,Lifestyle,Male,214373,Twitter
439,Influencer_439,Nutrition,Male,409777,Instagram
440,Influencer_440,Nutrition,Male,202133,Twitter
441,Influencer_441,Fitness,Other,355541,YouTube
442,Influencer_442,Lifestyle,Male,185225,Twitter
443,Influencer_443,Fitness,Female,300286,YouTube
444,Influencer_444,Lifestyle,Other,294060,YouTube
445,Influencer_445,Lifestyle,Other,69324,Twitter
446,Influencer_446,Nutrition,Other,181037,Instagram
447,Influencer_447,Nutrition,Other,393076,Instagram
448,Influencer_448,Wellness,Female,140720,Instagram
449,Influencer_449,Nutrition,Other,171205,Instagram
450,Influencer_450,Wellness,Other,448893,Instagram
451,Influencer_451,Wellness,Male,101059,YouTube
452,Influencer_452,Wellness,Other,492804,Instagram
453,Influencer_453,Wellness,Female,498166,YouTube
454,Influencer_454,Wellness,Female,103317,YouTube
455,Influencer_455,Fitness,Female,206207,YouTube
456,Influencer_456,Nutrition,Female,302190,Twitter
457,Influencer_457,Wellness,Other,445280,Twitter
458,Influencer_458,Lifestyle,Other,106459,YouTube
459,Influencer_459,Nutrition,Female,242697,Twitter
460,Influencer_460,Nutrition,Female,205422,Instagram
461,Influencer_461,Wellness,Other,313037,Instagram
462,Influencer_462,Fitness,Female,106520,YouTube
463,Influencer_463,Wellness,Male,392962,Instagram
464,Influencer_464,Fitness,Female,66272,YouTube
465,Influencer_465,Lifestyle,Female,228224,YouTube
466,Influencer_466,Nutrition,Male,334793,Instagram
467,Influencer_467,Lifestyle,Male,331818,Twitter
468,Influencer_468,Fitness,Other,149832,Instagram
469,Influencer_469,Fitness,Other,157999,Instagram
470,Influencer_470,Lifestyle,Male,353619,YouTube
471,Influencer_471,Fitness,Male,66367,YouTube
472,Influencer_472,Lifestyle,Other,234027,YouTube
473,Influencer_473,Nutrition,Female,410804,YouTube
474,Influencer_474,Lifestyle,Male,388894,Twitter
475,Influencer_475,Nutrition,Other,237750,Twitter
476,Influencer_476,Lifestyle,Female,240806,Twitter
477,Influencer_477,Fitness,Male,385298,YouTube
478,Influencer_478,Lifestyle,Female,188305,YouTube
479,Influencer_479,Fitness,Other,49738,YouTube
480,Influencer_480,Lifestyle,Male,38397,Twitter
481,Influencer_481,Lifestyle,Female,349333,YouTube
482,Influencer_482,Wellness,Male,343511,Instagram
483,Influencer_483,Fitness,Female,207332,Instagram
484,Influencer_484,Wellness,Other,387729,YouTube
485,Influencer_485,Fitness,Other,343763,Instagram
486,Influencer_486,Wellness,Male,116453,Instagram
487,Influencer_487,Nutrition,Female,24816,Twitter
488,Influencer_488,Lifestyle,Male,440456,YouTube
489,Influencer_489,Fitness,Male,404492,YouTube
490,Influencer_490,Fitness,Female,250011,Twitter
491,Influencer_491,Lifestyle,Female,346674,Instagram
492,Influencer_492,Fitness,Female,421715,Instagram
493,Influencer_493,Fitness,Other,486792,YouTube
494,Influencer_494,Wellness,Male,376000,Instagram
495,Influencer_495,Fitness,Male,218567,Twitter
496,Influencer_496,Nutrition,Other,76635,Twitter
497,Influencer_497,Nutrition,Female,374947,YouTube
498,Influencer_498,Lifestyle,Other,221184,Twitter
499,Influencer_499,Fitness,Other,303090,Twitter
500,Influencer_500,Lifestyle,Other,322348,YouTube
501,Influencer_501,Nutrition,Male,187958,Twitter
502,Influencer_502,Fitness,Other,469868,Twitter
503,Influencer_503,Fitness,Male,282707,Twitter
504,Influencer_504,Lifestyle,Male,97324,Instagram
505,Influencer_505,Nutrition,Male,228536,YouTube
506,Influencer_506,Fitness,Female,237944,YouTube
507,Influencer_507,Lifestyle,Male,276991,YouTube
508,Influencer_508,Nutrition,Male,31155,Instagram
509,Influencer_509,Lifestyle,Female,346815,Instagram
510,Influencer_510,Wellness,Male,121891,YouTube
511,Influencer_511,Fitness,Other,350454,Instagram
512,Influencer_512,Wellness,Other,465494,YouTube
513,Influencer_513,Nutrition,Male,154381,Instagram
514,Influencer_514,Wellness,Female,136691,Twitter
515,Influencer_515,Wellness,Other,481410,Twitter
516,Influencer_516,Nutrition,Female,448324,YouTube
517,Influencer_517,Lifestyle,Female,39707,Instagram
518,Influencer_518,Wellness,Other,418553,Instagram
519,Influencer_519,Lifestyle,Female,348681,Twitter
520,Influencer_520,Wellness,Other,202576,Twitter
521,Influencer_521,Lifestyle,Female,183686,Instagram
522,Influencer_522,Nutrition,Other,227500,Instagram
523,Influencer_523,Wellness,Male,358299,Instagram
524,Influencer_524,Nutrition,Other,267425,Instagram
525,Influencer_525,Wellness,Other,163492,Instagram
526,Influencer_526,Nutrition,Other,479112,Instagram
527,Influencer_527,Nutrition,Other,175102,YouTube
528,Influencer_528,Wellness,Female,399274,Instagram
529,Influencer_529,Wellness,Male,222285,Twitter
530,Influencer_530,Wellness,Other,343404,YouTube
531,Influencer_531,Fitness,Female,164476,Instagram
532,Influencer_532,Lifestyle,Male,239554,Twitter
533,Influencer_533,Fitness,Male,165928,YouTube
534,Influencer_534,Fitness,Male,145272,Twitter
535,Influencer_535,Nutrition,Male,331322,Instagram
536,Influencer_536,Wellness,Other,301141,Instagram
537,Influencer_537,Lifestyle,Other,423827,Instagram
538,Influencer_538,Nutrition,Female,124273,Instagram
539,Influencer_539,Fitness,Female,177307,YouTube
540,Influencer_540,Wellness,Female,253500,YouTube
541,Influencer_541,Nutrition,Male,171129,Twitter
542,Influencer_542,Wellness,Male,137311,Instagram
543,Influencer_543,Nutrition,Other,239746,Twitter
544,Influencer_544,Wellness,Male,250546,YouTube
545,Influencer_545,Fitness,Male,201733,Instagram
546,Influencer_546,Lifestyle,Male,131945,Instagram
547,Influencer_547,Fitness,Female,50272,YouTube
548,Influencer_548,Lifestyle,Female,356537,YouTube
549,Influencer_549,Wellness,Other,328356,YouTube
550,Influencer_550,Nutrition,Male,151470,YouTube
551,Influencer_551,Fitness,Male,125030,YouTube
552,Influencer_552,Lifestyle,Other,323647,Instagram
553,Influencer_553,Fitness,Male,404854,YouTube
554,Influencer_554,Lifestyle,Male,11570,Instagram
555,Influencer_555,Fitness,Female,335929,Instagram
556,Influencer_556,Lifestyle,Other,14110,YouTube
557,Influencer_557,Lifestyle,Other,84141,YouTube
558,Influencer_558,Wellness,Other,17115,Instagram
559,Influencer_559,Lifestyle,Other,44062,YouTube
560,Influencer_560,Wellness,Female,290055,YouTube
561,Influencer_561,Lifestyle,Female,109061,YouTube
562,Influencer_562,Nutrition,Male,299700,Twitter
563,Influencer_563,Nutrition,Male,476347,Instagram
564,Influencer_564,Nutrition,Male,395479,Twitter
565,Influencer_565,Lifestyle,Male,6969,YouTube
566,Influencer_566,Wellness,Female,310897,Twitter
567,Influencer_567,Wellness,Other,481027,YouTube
568,Influencer_568,Lifestyle,Female,402686,Twitter
569,Influencer_569,Nutrition,Male,126863,YouTube
570,Influencer_570,Nutrition,Female,277369,Twitter
571,Influencer_571,Wellness,Other,128008,Twitter
572,Influencer_572,Nutrition,Other,159268,Twitter
573,Influencer_573,Fitness,Female,110823,Instagram
574,Influencer_574,Wellness,Female,280813,Twitter
575,Influencer_575,Nutrition,Female,435596,Instagram
576,Influencer_576,Wellness,Male,391542,YouTube
577,Influencer_577,Fitness,Female,115677,Twitter
578,Influencer_578,Wellness,Female,251958,YouTube
579,Influencer_579,Wellness,Female,53320,YouTube
580,Influencer_580,Wellness,Other,445630,Twitter
581,Influencer_581,Wellness,Other,151649,Instagram
582,Influencer_582,Fitness,Male,130354,Twitter
583,Influencer_583,Lifestyle,Male,93009,YouTube
584,Influencer_584,Wellness,Other,262437,YouTube
585,Influencer_585,Wellness,Other,453625,Twitter
586,Influencer_586,Nutrition,Other,33625,Instagram
587,Influencer_587,Wellness,Female,217112,Instagram
588,Influencer_588,Nutrition,Female,291233,YouTube
589,Influencer_589,Lifestyle,Other,41487,YouTube
590,Influencer_590,Fitness,Female,464054,Instagram
591,Influencer_591,Fitness,Female,233071,Twitter
592,Influencer_592,Lifestyle,Male,377592,YouTube
593,Influencer_593,Fitness,Other,493011,Instagram
594,Influencer_594,Lifestyle,Other,317282,YouTube
595,Influencer_595,Lifestyle,Female,178895,Twitter
596,Influencer_596,Lifestyle,Other,435424,Instagram
597,Influencer_597,Fitness,Male,321205,YouTube
598,Influencer_598,Nutrition,Male,428875,Twitter
599,Influencer_599,Lifestyle,Male,106376,YouTube
600,Influencer_600,Wellness,Other,430106,Twitter
601,Influencer_601,Fitness,Other,346278,Twitter
602,Influencer_602,Lifestyle,Other,314199,Instagram
603,Influencer_603,Lifestyle,Other,248341,Twitter
604,Influencer_604,Wellness,Other,286652,YouTube
605,Influencer_605,Nutrition,Male,440503,Twitter
606,Influencer_606,Nutrition,Female,477132,Twitter
607,Influencer_607,Nutrition,Male,163056,Instagram
608,Influencer_608,Lifestyle,Other,115169,Twitter
609,Influencer_609,Lifestyle,Male,275269,Twitter
610,Influencer_610,Lifestyle,Other,41059,YouTube
611,Influencer_611,Fitness,Other,467785,Instagram
612,Influencer_612,Wellness,Male,108409,Instagram
613,Influencer_613,Lifestyle,Other,415303,Instagram
614,Influencer_614,Wellness,Female,10704,Twitter
615,Influencer_615,Wellness,Other,458792,Instagram
616,Influencer_616,Nutrition,Female,209456,Twitter
617,Influencer_617,Fitness,Female,223200,Twitter
618,Influencer_618,Lifestyle,Other,116279,YouTube
619,Influencer_619,Nutrition,Male,470676,YouTube
620,Influencer_620,Nutrition,Female,163280,YouTube
621,Influencer_621,Lifestyle,Male,123516,YouTube
622,Influencer_622,Wellness,Female,483366,YouTube
623,Influencer_623,Nutrition,Other,202096,Twitter
624,Influencer_624,Wellness,Other,438098,Twitter
625,Influencer_625,Fitness,Female,424139,Instagram
626,Influencer_626,Wellness,Other,381188,Twitter
627,Influencer_627,Fitness,Female,237549,Twitter
628,Influencer_628,Wellness,Other,34165,YouTube
629,Influencer_629,Nutrition,Male,72203,Twitter
630,Influencer_630,Nutrition,Other,489965,YouTube
631,Influencer_631,Fitness,Male,271258,Instagram
632,Influencer_632,Lifestyle,Other,463181,Instagram
633,Influencer_633,Fitness,Male,41321,Twitter
634,Influencer_634,Fitness,Other,340441,Instagram
635,Influencer_635,Wellness,Male,363796,Twitter
636,Influencer_636,Wellness,Female,366448,Instagram
637,Influencer_637,Fitness,Female,250014,YouTube
638,Influencer_638,Nutrition,Male,161498,YouTube
639,Influencer_639,Wellness,Other,22772,YouTube
640,Influencer_640,Lifestyle,Male,370898,YouTube
641,Influencer_641,Wellness,Other,270856,Twitter
642,Influencer_642,Wellness,Female,399583,Instagram
643,Influencer_643,Lifestyle,Other,243389,Twitter
644,Influencer_644,Fitness,Female,120142,YouTube
645,Influencer_645,Lifestyle,Other,96736,Twitter
646,Influencer_646,Fitness,Other,56924,Instagram
647,Influencer_647,Fitness,Other,8726,Twitter
648,Influencer_648,Fitness,Male,356296,Instagram
649,Influencer_649,Lifestyle,Male,32723,Twitter
650,Influencer_650,Fitness,Female,394113,Instagram
651,Influencer_651,Nutrition,Female,239182,Instagram
652,Influencer_652,Lifestyle,Male,367638,YouTube
653,Influencer_653,Nutrition,Female,145180,Instagram
654,Influencer_654,Fitness,Male,213786,YouTube
655,Influencer_655,Wellness,Other,40643,YouTube
656,Influencer_656,Fitness,Female,167396,YouTube
657,Influencer_657,Nutrition,Female,371040,Twitter
658,Influencer_658,Nutrition,Male,219432,Twitter
659,Influencer_659,Lifestyle,Female,144999,Twitter
660,Influencer_660,Wellness,Female,360824,Twitter
661,Influencer_661,Lifestyle,Other,363690,Instagram
662,Influencer_662,Nutrition,Female,420659,Instagram
663,Influencer_663,Fitness,Other,84973,Twitter
664,Influencer_664,Wellness,Male,330593,Instagram
665,Influencer_665,Fitness,Female,114834,Instagram
666,Influencer_666,Fitness,Other,241386,YouTube
667,Influencer_667,Wellness,Male,474959,YouTube
668,Influencer_668,Lifestyle,Female,458449,YouTube
669,Influencer_669,Fitness,Male,292681,YouTube
670,Influencer_670,Nutrition,Female,499509,Instagram
671,Influencer_671,Fitness,Male,344720,Twitter
672,Influencer_672,Wellness,Male,112522,Instagram
673,Influencer_673,Wellness,Other,27612,Instagram
674,Influencer_674,Wellness,Male,230049,Instagram
675,Influencer_675,Lifestyle,Female,273615,YouTube
676,Influencer_676,Fitness,Female,171703,YouTube
677,Influencer_677,Lifestyle,Other,245069,YouTube
678,Influencer_678,Lifestyle,Female,228131,Twitter
679,Influencer_679,Wellness,Female,36348,Instagram
680,Influencer_680,Wellness,Female,200804,Twitter
681,Influencer_681,Lifestyle,Male,268321,YouTube
682,Influencer_682,Fitness,Male,140832,Twitter
683,Influencer_683,Nutrition,Female,299923,Instagram
684,Influencer_684,Lifestyle,Other,288780,Instagram
685,Influencer_685,Fitness,Male,86889,YouTube
686,Influencer_686,Wellness,Other,58551,YouTube
687,Influencer_687,Wellness,Female,409772,Twitter
688,Influencer_688,Fitness,Female,425814,YouTube
689,Influencer_689,Nutrition,Male,147635,YouTube
690,Influencer_690,Wellness,Female,51819,Instagram
691,Influencer_691,Wellness,Male,340914,YouTube
692,Influencer_692,Wellness,Female,489271,YouTube
693,Influencer_693,Fitness,Female,425182,Instagram
694,Influencer_694,Lifestyle,Male,217781,Instagram
695,Influencer_695,Wellness,Male,458105,Twitter
696,Influencer_696,Lifestyle,Male,163059,YouTube
697,Influencer_697,Nutrition,Female,345858,Instagram
698,Influencer_698,Wellness,Female,194420,Twitter
699,Influencer_699,Wellness,Other,29596,Twitter
700,Influencer_700,Nutrition,Male,431390,YouTube
701,Influencer_701,Wellness,Female,331250,YouTube
702,Influencer_702,Lifestyle,Female,468183,Twitter
703,Influencer_703,Fitness,Male,64182,Instagram
704,Influencer_704,Lifestyle,Other,491516,Twitter
705,Influencer_705,Fitness,Male,354307,YouTube
706,Influencer_706,Fitness,Other,306454,Instagram
707,Influencer_707,Lifestyle,Female,323232,Instagram
708,Influencer_708,Lifestyle,Other,133803,Twitter
709,Influencer_709,Lifestyle,Female,144978,YouTube
710,Influencer_710,Lifestyle,Male,304058,Twitter
711,Influencer_711,Nutrition,Male,377494,Twitter
712,Influencer_712,Wellness,Male,50379,Twitter
713,Influencer_713,Fitness,Other,476828,Instagram
714,Influencer_714,Lifestyle,Female,250900,Instagram
715,Influencer_715,Lifestyle,Male,263517,YouTube
716,Influencer_716,Lifestyle,Male,435866,YouTube
717,Influencer_717,Nutrition,Female,445097,Twitter
718,Influencer_718,Lifestyle,Male,313557,Twitter
719,Influencer_719,Lifestyle,Female,142084,Twitter
720,Influencer_720,Lifestyle,Female,186187,YouTube
721,Influencer_721,Wellness,Female,274295,Instagram
722,Influencer_722,Nutrition,Female,62716,Instagram
723,Influencer_723,Lifestyle,Female,360891,Twitter
724,Influencer_724,Fitness,Other,228725,Twitter
725,Influencer_725,Fitness,Male,172450,Twitter
726,Influencer_726,Fitness,Other,178724,Twitter
727,Influencer_727,Nutrition,Male,208502,YouTube
728,Influencer_728,Nutrition,Other,149539,Instagram
729,Influencer_729,Fitness,Female,429226,Twitter
730,Influencer_730,Lifestyle,Male,126999,YouTube
731,Influencer_731,Nutrition,Male,119793,Twitter
732,Influencer_732,Fitness,Other,452907,Twitter
733,Influencer_733,Fitness,Other,462373,Instagram
734,Influencer_734,Lifestyle,Male,375321,Twitter
735,Influencer_735,Wellness,Other,17289,Instagram
736,Influencer_736,Nutrition,Other,181048,Instagram
737,Influencer_737,Lifestyle,Other,179668,Instagram
738,Influencer_738,Fitness,Female,421387,YouTube
739,Influencer_739,Fitness,Female,236513,YouTube
740,Influencer_740,Lifestyle,Other,262368,Instagram
741,Influencer_741,Nutrition,Other,91365,Twitter
742,Influencer_742,Wellness,Female,235662,Instagram
743,Influencer_743,Wellness,Female,381158,Twitter
744,Influencer_744,Fitness,Male,180211,Instagram
745,Influencer_745,Nutrition,Male,184785,Twitter
746,Influencer_746,Wellness,Female,427950,YouTube
747,Influencer_747,Nutrition,Other,77588,Twitter
748,Influencer_748,Nutrition,Other,68646,Instagram
749,Influencer_749,Fitness,Other,270798,YouTube
750,Influencer_750,Wellness,Other,487238,Twitter
751,Influencer_751,Lifestyle,Male,285887,Twitter
752,Influencer_752,Fitness,Female,315512,Twitter
753,Influencer_753,Wellness,Other,226097,Twitter
754,Influencer_754,Wellness,Male,210244,Twitter
755,Influencer_755,Wellness,Other,404657,YouTube
756,Influencer_756,Wellness,Female,124735,YouTube
757,Influencer_757,Wellness,Male,160683,YouTube
758,Influencer_758,Nutrition,Female,387035,YouTube
759,Influencer_759,Fitness,Female,112971,Instagram
760,Influencer_760,Nutrition,Male,17149,YouTube
761,Influencer_761,Lifestyle,Male,367246,Twitter
762,Influencer_762,Wellness,Male,326333,Twitter
763,Influencer_763,Fitness,Male,243976,YouTube
764,Influencer_764,Wellness,Male,419891,Twitter
765,Influencer_765,Fitness,Male,338175,YouTube
766,Influencer_766,Nutrition,Male,47668,Twitter
767,Influencer_767,Fitness,Other,411889,Instagram
768,Influencer_768,Lifestyle,Female,474882,Instagram
769,Influencer_769,Lifestyle,Male,93204,YouTube
770,Influencer_770,Fitness,Other,216830,YouTube
771,Influencer_771,Fitness,Other,201501,YouTube
772,Influencer_772,Fitness,Other,421885,Twitter
773,Influencer_773,Fitness,Female,170140,YouTube
774,Influencer_774,Lifestyle,Male,224861,Instagram
775,Influencer_775,Wellness,Other,145507,Twitter
776,Influencer_776,Fitness,Female,230160,YouTube
777,Influencer_777,Fitness,Female,188321,Twitter
778,Influencer_778,Lifestyle,Female,42384,Twitter
779,Influencer_779,Lifestyle,Other,86929,YouTube
780,Influencer_780,Nutrition,Male,395103,Twitter
781,Influencer_781,Fitness,Other,81153,Instagram
782,Influencer_782,Nutrition,Other,240128,Instagram
783,Influencer_783,Lifestyle,Male,80388,Twitter
784,Influencer_784,Lifestyle,Male,36401,YouTube
785,Influencer_785,Wellness,Male,207903,Twitter
786,Influencer_786,Fitness,Female,124503,Instagram
787,Influencer_787,Nutrition,Male,237601,Twitter
788,Influencer_788,Lifestyle,Other,132834,Twitter
789,Influencer_789,Lifestyle,Male,39084,Instagram
790,Influencer_790,Nutrition,Other,256459,Twitter
791,Influencer_791,Wellness,Female,115641,Twitter
792,Influencer_792,Lifestyle,Other,110111,YouTube
793,Influencer_793,Fitness,Other,454042,YouTube
794,Influencer_794,Lifestyle,Male,434667,Instagram
795,Influencer_795,Fitness,Male,143299,Instagram
796,Influencer_796,Nutrition,Other,167982,Instagram
797,Influencer_797,Fitness,Male,303185,YouTube
798,Influencer_798,Nutrition,Female,356064,Instagram
799,Influencer_799,Fitness,Female,332825,Instagram
800,Influencer_800,Nutrition,Male,239386,Instagram
801,Influencer_801,Fitness,Female,348715,YouTube
802,Influencer_802,Wellness,Male,201553,Twitter
803,Influencer_803,Fitness,Other,466792,Instagram
804,Influencer_804,Fitness,Other,265337,Twitter
805,Influencer_805,Wellness,Female,132556,Instagram
806,Influencer_806,Lifestyle,Male,200246,Twitter
807,Influencer_807,Lifestyle,Male,31160,YouTube
808,Influencer_808,Fitness,Female,251242,YouTube
809,Influencer_809,Wellness,Other,22633,Instagram
810,Influencer_810,Fitness,Female,493096,Twitter
811,Influencer_811,Nutrition,Other,284158,YouTube
812,Influencer_812,Nutrition,Male,347676,Instagram
813,Influencer_813,Fitness,Other,54104,Instagram
814,Influencer_814,Lifestyle,Female,439837,YouTube
815,Influencer_815,Lifestyle,Male,344375,YouTube
816,Influencer_816,Fitness,Female,73388,Instagram
817,Influencer_817,Fitness,Female,21014,Twitter
818,Influencer_818,Nutrition,Other,97578,Twitter
819,Influencer_819,Lifestyle,Female,169827,Twitter
820,Influencer_820,Fitness,Other,45390,Instagram
821,Influencer_821,Nutrition,Male,290855,YouTube
822,Influencer_822,Lifestyle,Other,96658,Instagram
823,Influencer_823,Wellness,Male,62993,YouTube
824,Influencer_824,Nutrition,Other,210768,Twitter
825,Influencer_825,Lifestyle,Female,163285,Twitter
826,Influencer_826,Lifestyle,Other,251860,YouTube
827,Influencer_827,Nutrition,Other,456000,YouTube
828,Influencer_828,Wellness,Male,274565,Instagram
829,Influencer_829,Nutrition,Female,223008,Twitter
830,Influencer_830,Lifestyle,Other,497289,Instagram
831,Influencer_831,Fitness,Female,22727,Instagram
832,Influencer_832,Fitness,Other,379562,Instagram
833,Influencer_833,Nutrition,Other,9358,Twitter
834,Influencer_834,Lifestyle,Female,332252,Instagram
835,Influencer_835,Fitness,Other,262681,Instagram
836,Influencer_836,Lifestyle,Female,99018,Instagram
837,Influencer_837,Nutrition,Other,391601,Instagram
838,Influencer_838,Fitness,Male,430333,Instagram
839,Influencer_839,Lifestyle,Female,486916,Instagram
840,Influencer_840,Fitness,Other,299054,Twitter
841,Influencer_841,Nutrition,Other,131888,Instagram
842,Influencer_842,Lifestyle,Male,234104,YouTube
843,Influencer_843,Fitness,Female,322898,Instagram
844,Influencer_844,Nutrition,Other,198510,Instagram
845,Influencer_845,Fitness,Male,114847,Twitter
846,Influencer_846,Fitness,Other,427587,Twitter
847,Influencer_847,Wellness,Female,449717,YouTube
848,Influencer_848,Wellness,Other,459162,YouTube
849,Influencer_849,Nutrition,Other,305611,Twitter
850,Influencer_850,Wellness,Other,415841,Twitter
851,Influencer_851,Nutrition,Other,301037,Instagram
852,Influencer_852,Wellness,Male,81329,Twitter
853,Influencer_853,Fitness,Male,36007,YouTube
854,Influencer_854,Nutrition,Female,489518,Instagram
855,Influencer_855,Nutrition,Male,175604,YouTube
856,Influencer_856,Fitness,Male,321397,Instagram
857,Influencer_857,Nutrition,Female,17323,Twitter
858,Influencer_858,Nutrition,Male,378479,YouTube
859,Influencer_859,Wellness,Male,117356,Instagram
860,Influencer_860,Nutrition,Female,115944,Instagram
861,Influencer_861,Lifestyle,Female,209451,Twitter
862,Influencer_862,Fitness,Female,412426,Twitter
863,Influencer_863,Wellness,Other,283600,Twitter
864,Influencer_864,Wellness,Other,36367,YouTube
865,Influencer_865,Lifestyle,Female,59624,Instagram
866,Influencer_866,Fitness,Female,408322,Twitter
867,Influencer_867,Fitness,Female,239565,YouTube
868,Influencer_868,Wellness,Other,73008,YouTube
869,Influencer_869,Nutrition,Other,393070,YouTube
870,Influencer_870,Wellness,Male,382539,Twitter
871,Influencer_871,Fitness,Male,121492,Twitter
872,Influencer_872,Lifestyle,Female,77240,Instagram
873,Influencer_873,Wellness,Other,331459,Instagram
874,Influencer_874,Fitness,Other,467465,Twitter
875,Influencer_875,Wellness,Other,206659,YouTube
876,Influencer_876,Nutrition,Female,277900,YouTube
877,Influencer_877,Wellness,Male,466227,YouTube
878,Influencer_878,Wellness,Female,303522,Instagram
879,Influencer_879,Fitness,Male,140327,YouTube
880,Influencer_880,Fitness,Male,412700,Instagram
881,Influencer_881,Fitness,Female,130703,Instagram
882,Influencer_882,Wellness,Male,323693,YouTube
883,Influencer_883,Nutrition,Male,170575,YouTube
884,Influencer_884,Lifestyle,Other,340938,Twitter
885,Influencer_885,Lifestyle,Male,498948,Twitter
886,Influencer_886,Fitness,Female,312257,YouTube
887,Influencer_887,Fitness,Female,79069,Instagram
888,Influencer_888,Wellness,Male,234189,Instagram
889,Influencer_889,Lifestyle,Other,403465,Instagram
890,Influencer_890,Fitness,Other,256051,Instagram
891,Influencer_891,Nutrition,Male,417417,Instagram
892,Influencer_892,Nutrition,Male,130541,Twitter
893,Influencer_893,Fitness,Female,194648,YouTube
894,Influencer_894,Fitness,Male,261353,Twitter
895,Influencer_895,Lifestyle,Other,276830,Instagram
896,Influencer_896,Lifestyle,Male,320507,Instagram
897,Influencer_897,Wellness,Female,364687,Instagram
898,Influencer_898,Lifestyle,Female,136733,Instagram
899,Influencer_899,Nutrition,Female,180915,YouTube
900,Influencer_900,Nutrition,Female,100673,Instagram
901,Influencer_901,Fitness,Female,459179,YouTube
902,Influencer_902,Lifestyle,Male,47828,Instagram
903,Influencer_903,Wellness,Male,315748,YouTube
904,Influencer_904,Nutrition,Male,277670,Twitter
905,Influencer_905,Nutrition,Male,336054,Instagram
906,Influencer_906,Wellness,Female,30592,YouTube
907,Influencer_907,Wellness,Other,296126,Twitter
908,Influencer_908,Nutrition,Male,267351,Instagram
909,Influencer_909,Nutrition,Other,237041,Instagram
910,Influencer_910,Wellness,Male,355877,Instagram
911,Influencer_911,Nutrition,Male,235008,YouTube
912,Influencer_912,Fitness,Other,129982,YouTube
913,Influencer_913,Fitness,Female,261911,Twitter
914,Influencer_914,Wellness,Male,73619,YouTube
915,Influencer_915,Lifestyle,Male,165400,YouTube
916,Influencer_916,Wellness,Male,313623,Instagram
917,Influencer_917,Wellness,Other,156175,Instagram
918,Influencer_918,Lifestyle,Female,175963,Instagram
919,Influencer_919,Lifestyle,Other,146826,Instagram
920,Influencer_920,Lifestyle,Other,236055,Instagram
921,Influencer_921,Fitness,Female,348581,Instagram
922,Influencer_922,Nutrition,Other,103540,Instagram
923,Influencer_923,Fitness,Female,340126,Twitter
924,Influencer_924,Nutrition,Male,107747,Twitter
925,Influencer_925,Fitness,Female,191994,Twitter
926,Influencer_926,Nutrition,Male,315375,Twitter
927,Influencer_927,Fitness,Other,34301,Instagram
928,Influencer_928,Lifestyle,Other,227724,Twitter
929,Influencer_929,Wellness,Male,198783,Instagram
930,Influencer_930,Fitness,Other,177395,Twitter
931,Influencer_931,Nutrition,Female,23752,YouTube
932,Influencer_932,Lifestyle,Male,496128,Twitter
933,Influencer_933,Fitness,Other,218277,Twitter
934,Influencer_934,Fitness,Male,365596,Instagram
935,Influencer_935,Lifestyle,Female,149467,Twitter
936,Influencer_936,Fitness,Female,222029,YouTube
937,Influencer_937,Wellness,Other,388381,Instagram
938,Influencer_938,Fitness,Female,61273,Instagram
939,Influencer_939,Wellness,Male,263503,Twitter
940,Influencer_940,Wellness,Female,96878,Instagram
941,Influencer_941,Lifestyle,Male,272039,Instagram
942,Influencer_942,Fitness,Male,124968,Instagram
943,Influencer_943,Lifestyle,Female,382844,Instagram
944,Influencer_944,Fitness,Other,81559,Instagram
945,Influencer_945,Fitness,Female,15699,Instagram
946,Influencer_946,Nutrition,Male,201133,YouTube
947,Influencer_947,Fitness,Male,14715,Twitter
948,Influencer_948,Lifestyle,Female,24169,YouTube
949,Influencer_949,Wellness,Other,123413,Instagram
950,Influencer_950,Fitness,Other,414379,Instagram
951,Influencer_951,Nutrition,Male,124264,Twitter
952,Influencer_952,Lifestyle,Male,272926,YouTube
953,Influencer_953,Fitness,Other,224249,Twitter
954,Influencer_954,Lifestyle,Female,129481,YouTube
955,Influencer_955,Nutrition,Male,220400,Instagram
956,Influencer_956,Nutrition,Male,40585,Twitter
957,Influencer_957,Lifestyle,Other,297826,Twitter
958,Influencer_958,Fitness,Female,183936,Instagram
959,Influencer_959,Wellness,Other,397136,Twitter
960,Influencer_960,Nutrition,Female,351560,YouTube
961,Influencer_961,Fitness,Female,453330,YouTube
962,Influencer_962,Fitness,Female,394954,YouTube
963,Influencer_963,Wellness,Male,43067,YouTube
964,Influencer_964,Nutrition,Other,178757,Instagram
965,Influencer_965,Nutrition,Other,258334,Twitter
966,Influencer_966,Fitness,Female,23073,YouTube
967,Influencer_967,Fitness,Male,41035,Instagram
968,Influencer_968,Wellness,Male,201049,Twitter
969,Influencer_969,Wellness,Other,238782,Twitter
970,Influencer_970,Nutrition,Male,95373,Instagram
971,Influencer_971,Lifestyle,Male,350506,Instagram
972,Influencer_972,Nutrition,Female,95517,YouTube
973,Influencer_973,Fitness,Male,70450,Twitter
974,Influencer_974,Nutrition,Female,15382,Twitter
975,Influencer_975,Lifestyle,Other,402653,Instagram
976,Influencer_976,Wellness,Male,207043,Twitter
977,Influencer_977,Lifestyle,Other,462828,YouTube
978,Influencer_978,Lifestyle,Other,226427,Twitter
979,Influencer_979,Lifestyle,Male,66929,Instagram
980,Influencer_980,Wellness,Male,238483,Instagram
981,Influencer_981,Lifestyle,Other,233590,YouTube
982,Influencer_982,Lifestyle,Male,366008,YouTube
983,Influencer_983,Lifestyle,Female,148401,Twitter
984,Influencer_984,Fitness,Female,261677,Twitter
985,Influencer_985,Lifestyle,Male,292313,Instagram
986,Influencer_986,Wellness,Other,92468,YouTube
987,Influencer_987,Lifestyle,Male,39594,YouTube
988,Influencer_988,Lifestyle,Male,475173,YouTube
989,Influencer_989,Wellness,Other,196703,Twitter
990,Influencer_990,Lifestyle,Other,50033,YouTube
991,Influencer_991,Wellness,Female,68133,Instagram
992,Influencer_992,Lifestyle,Other,471381,Instagram
993,Influencer_993,Wellness,Female,78861,Twitter
994,Influencer_994,Lifestyle,Other,188362,Twitter
995,Influencer_995,Lifestyle,Male,492247,YouTube
996,Influencer_996,Fitness,Female,298894,Twitter
997,Influencer_997,Fitness,Female,493371,Instagram
998,Influencer_998,Lifestyle,Female,45461,YouTube
999,Influencer_999,Lifestyle,Male,472016,Instagram
1000,Influencer_1000,Nutrition,Male,83222,YouTube
