post_id,influencer_id,platform,date,url,caption,reach,likes,comments
1,615,Twitter,2025-05-03,https://socialmedia.com/post/1,Great product! #MuscleBlaze,3537,3610,518
2,558,Twitter,2025-05-16,https://socialmedia.com/post/2,Great product! #MuscleBlaze,85762,4423,969
3,924,Instagram,2025-05-30,https://socialmedia.com/post/3,Great product! #Gritzo,16216,3753,979
4,494,Twitter,2025-06-09,https://socialmedia.com/post/4,Great product! #HKVitals,85149,2465,590
5,505,Instagram,2025-05-02,https://socialmedia.com/post/5,Great product! #HKVitals,4009,4997,786
6,475,YouTube,2025-05-17,https://socialmedia.com/post/6,Great product! #HKVitals,90904,3021,267
7,836,YouTube,2025-06-10,https://socialmedia.com/post/7,Great product! #MuscleBlaze,30327,4667,939
8,890,YouTube,2025-05-12,https://socialmedia.com/post/8,Great product! #MuscleBlaze,15209,1179,197
9,271,Twitter,2025-06-04,https://socialmedia.com/post/9,Great product! #MB,49443,3611,239
10,995,Instagram,2025-06-12,https://socialmedia.com/post/10,Great product! #MuscleBlaze,16029,2841,198
11,421,YouTube,2025-05-01,https://socialmedia.com/post/11,Great product! #MuscleBlaze,68613,3120,424
12,897,Instagram,2025-06-24,https://socialmedia.com/post/12,Great product! #MuscleBlaze,80443,328,19
13,707,YouTube,2025-06-14,https://socialmedia.com/post/13,Great product! #HKVitals,57997,270,123
14,367,Twitter,2025-05-15,https://socialmedia.com/post/14,Great product! #HKVitals,63559,394,85
15,280,Twitter,2025-05-26,https://socialmedia.com/post/15,Great product! #MuscleBlaze,65892,4384,685
16,283,Instagram,2025-06-06,https://socialmedia.com/post/16,Great product! #HKVitals,71409,525,511
17,40,Twitter,2025-05-21,https://socialmedia.com/post/17,Great product! #MB,9635,1018,94
18,959,Twitter,2025-06-18,https://socialmedia.com/post/18,Great product! #HKVitals,34065,3353,58
19,189,Instagram,2025-05-31,https://socialmedia.com/post/19,Great product! #MB,34783,598,504
20,164,YouTube,2025-05-25,https://socialmedia.com/post/20,Great product! #Gritzo,35152,2909,847
21,994,Twitter,2025-05-23,https://socialmedia.com/post/21,Great product! #MuscleBlaze,59741,925,698
22,989,Instagram,2025-05-24,https://socialmedia.com/post/22,Great product! #HKVitals,52502,3879,396
23,536,Twitter,2025-06-26,https://socialmedia.com/post/23,Great product! #MB,30092,1958,979
24,536,Twitter,2025-06-07,https://socialmedia.com/post/24,Great product! #Gritzo,18653,2218,398
25,4,Twitter,2025-05-28,https://socialmedia.com/post/25,Great product! #Gritzo,98999,245,227
26,835,Twitter,2025-05-21,https://socialmedia.com/post/26,Great product! #HKVitals,41469,4665,710
27,290,Instagram,2025-06-23,https://socialmedia.com/post/27,Great product! #HKVitals,87483,3677,990
28,953,Instagram,2025-06-12,https://socialmedia.com/post/28,Great product! #Gritzo,60754,292,355
29,433,Instagram,2025-05-18,https://socialmedia.com/post/29,Great product! #MuscleBlaze,30978,3988,239
30,471,Twitter,2025-06-05,https://socialmedia.com/post/30,Great product! #MuscleBlaze,88592,151,264
31,181,Twitter,2025-06-04,https://socialmedia.com/post/31,Great product! #MB,95543,2510,245
32,248,Twitter,2025-06-14,https://socialmedia.com/post/32,Great product! #MuscleBlaze,44169,1920,35
33,628,Instagram,2025-06-24,https://socialmedia.com/post/33,Great product! #Gritzo,49287,3064,593
34,279,Twitter,2025-05-09,https://socialmedia.com/post/34,Great product! #Gritzo,55745,2621,270
35,877,YouTube,2025-06-22,https://socialmedia.com/post/35,Great product! #Gritzo,6543,1969,775
36,581,Twitter,2025-06-07,https://socialmedia.com/post/36,Great product! #MuscleBlaze,57392,2668,280
37,863,YouTube,2025-06-27,https://socialmedia.com/post/37,Great product! #MB,22067,1967,132
38,254,Twitter,2025-05-30,https://socialmedia.com/post/38,Great product! #MuscleBlaze,52033,2838,665
39,181,Instagram,2025-06-29,https://socialmedia.com/post/39,Great product! #MB,46256,3369,266
40,830,Twitter,2025-06-13,https://socialmedia.com/post/40,Great product! #MuscleBlaze,91633,3299,665
41,681,YouTube,2025-06-03,https://socialmedia.com/post/41,Great product! #Gritzo,70345,2679,430
42,825,YouTube,2025-06-01,https://socialmedia.com/post/42,Great product! #Gritzo,23191,4105,268
43,509,Twitter,2025-05-03,https://socialmedia.com/post/43,Great product! #HKVitals,87803,340,957
44,761,YouTube,2025-05-03,https://socialmedia.com/post/44,Great product! #MuscleBlaze,73742,3540,56
45,700,YouTube,2025-05-28,https://socialmedia.com/post/45,Great product! #MuscleBlaze,87593,4731,872
46,566,Instagram,2025-06-13,https://socialmedia.com/post/46,Great product! #HKVitals,29992,1507,534
47,326,Twitter,2025-05-15,https://socialmedia.com/post/47,Great product! #Gritzo,82531,3602,897
48,357,Twitter,2025-06-10,https://socialmedia.com/post/48,Great product! #MuscleBlaze,49803,4138,217
49,825,Twitter,2025-05-23,https://socialmedia.com/post/49,Great product! #HKVitals,64477,182,320
50,650,YouTube,2025-06-09,https://socialmedia.com/post/50,Great product! #MuscleBlaze,14210,3868,756
51,680,Twitter,2025-05-11,https://socialmedia.com/post/51,Great product! #MB,84329,1050,158
52,391,Twitter,2025-06-17,https://socialmedia.com/post/52,Great product! #Gritzo,27270,710,843
53,615,Instagram,2025-06-01,https://socialmedia.com/post/53,Great product! #MB,63008,4769,447
54,934,Instagram,2025-06-27,https://socialmedia.com/post/54,Great product! #Gritzo,6197,3705,164
55,85,Instagram,2025-06-28,https://socialmedia.com/post/55,Great product! #HKVitals,8452,4654,687
56,317,YouTube,2025-06-26,https://socialmedia.com/post/56,Great product! #Gritzo,42486,3383,99
57,212,Twitter,2025-06-23,https://socialmedia.com/post/57,Great product! #Gritzo,15859,2273,707
58,515,Instagram,2025-06-05,https://socialmedia.com/post/58,Great product! #HKVitals,28236,3584,839
59,384,Instagram,2025-06-29,https://socialmedia.com/post/59,Great product! #Gritzo,32899,1622,367
60,691,Instagram,2025-06-02,https://socialmedia.com/post/60,Great product! #MuscleBlaze,33083,2701,183
61,342,Twitter,2025-05-24,https://socialmedia.com/post/61,Great product! #HKVitals,68708,2757,226
62,815,Twitter,2025-06-08,https://socialmedia.com/post/62,Great product! #HKVitals,17663,2259,916
63,964,Twitter,2025-06-03,https://socialmedia.com/post/63,Great product! #HKVitals,94076,2549,465
64,988,YouTube,2025-06-25,https://socialmedia.com/post/64,Great product! #MB,20053,3930,785
65,844,YouTube,2025-05-28,https://socialmedia.com/post/65,Great product! #MB,12085,221,618
66,38,Instagram,2025-06-06,https://socialmedia.com/post/66,Great product! #Gritzo,31564,4468,638
67,511,Twitter,2025-05-07,https://socialmedia.com/post/67,Great product! #HKVitals,90745,1417,208
68,420,Instagram,2025-05-04,https://socialmedia.com/post/68,Great product! #Gritzo,60095,4593,841
69,751,Twitter,2025-06-06,https://socialmedia.com/post/69,Great product! #MuscleBlaze,70517,2618,495
70,169,Twitter,2025-06-25,https://socialmedia.com/post/70,Great product! #HKVitals,22153,1330,542
71,965,Twitter,2025-05-01,https://socialmedia.com/post/71,Great product! #MuscleBlaze,6247,1233,209
72,909,YouTube,2025-05-01,https://socialmedia.com/post/72,Great product! #Gritzo,11553,1401,380
73,343,YouTube,2025-06-16,https://socialmedia.com/post/73,Great product! #MB,21811,4134,968
74,826,Twitter,2025-05-20,https://socialmedia.com/post/74,Great product! #Gritzo,96381,2010,862
75,306,Instagram,2025-05-19,https://socialmedia.com/post/75,Great product! #MuscleBlaze,7135,1605,457
76,542,Twitter,2025-05-29,https://socialmedia.com/post/76,Great product! #HKVitals,6573,3285,257
77,702,Twitter,2025-05-10,https://socialmedia.com/post/77,Great product! #Gritzo,80267,2016,797
78,869,Instagram,2025-06-29,https://socialmedia.com/post/78,Great product! #HKVitals,8189,3648,273
79,537,Twitter,2025-05-18,https://socialmedia.com/post/79,Great product! #MB,81077,2857,67
80,112,Instagram,2025-05-28,https://socialmedia.com/post/80,Great product! #MB,44646,2056,311
81,411,YouTube,2025-06-04,https://socialmedia.com/post/81,Great product! #MB,77623,278,40
82,947,YouTube,2025-06-12,https://socialmedia.com/post/82,Great product! #HKVitals,54687,996,507
83,206,Instagram,2025-06-16,https://socialmedia.com/post/83,Great product! #Gritzo,69312,1651,258
84,185,YouTube,2025-05-31,https://socialmedia.com/post/84,Great product! #HKVitals,28564,591,614
85,382,YouTube,2025-05-27,https://socialmedia.com/post/85,Great product! #HKVitals,29835,160,786
86,496,Instagram,2025-05-11,https://socialmedia.com/post/86,Great product! #Gritzo,62587,1177,280
87,379,YouTube,2025-06-18,https://socialmedia.com/post/87,Great product! #MB,8697,2995,615
88,47,Twitter,2025-06-18,https://socialmedia.com/post/88,Great product! #MB,81165,4260,675
89,886,Twitter,2025-06-07,https://socialmedia.com/post/89,Great product! #Gritzo,74922,3783,403
90,740,Instagram,2025-05-05,https://socialmedia.com/post/90,Great product! #HKVitals,18046,685,806
91,551,YouTube,2025-05-08,https://socialmedia.com/post/91,Great product! #HKVitals,58823,4060,511
92,528,Twitter,2025-06-03,https://socialmedia.com/post/92,Great product! #MB,74580,3870,601
93,504,Twitter,2025-06-17,https://socialmedia.com/post/93,Great product! #MuscleBlaze,54370,634,813
94,22,YouTube,2025-06-21,https://socialmedia.com/post/94,Great product! #MuscleBlaze,10615,3562,93
95,213,YouTube,2025-06-25,https://socialmedia.com/post/95,Great product! #MuscleBlaze,6060,4111,374
96,310,Twitter,2025-05-12,https://socialmedia.com/post/96,Great product! #HKVitals,77436,3498,895
97,661,Twitter,2025-06-07,https://socialmedia.com/post/97,Great product! #HKVitals,61519,2255,558
98,968,Instagram,2025-05-01,https://socialmedia.com/post/98,Great product! #MB,72117,1104,351
99,753,Instagram,2025-05-31,https://socialmedia.com/post/99,Great product! #MuscleBlaze,62158,2599,848
100,272,Twitter,2025-05-04,https://socialmedia.com/post/100,Great product! #MB,35782,426,416
101,571,Instagram,2025-06-18,https://socialmedia.com/post/101,Great product! #MB,86709,4803,434
102,799,Twitter,2025-06-14,https://socialmedia.com/post/102,Great product! #MB,79533,2806,753
103,938,Twitter,2025-06-19,https://socialmedia.com/post/103,Great product! #Gritzo,59255,101,102
104,202,Instagram,2025-05-05,https://socialmedia.com/post/104,Great product! #MuscleBlaze,73684,1133,857
105,32,Instagram,2025-05-30,https://socialmedia.com/post/105,Great product! #MuscleBlaze,57918,2581,623
106,443,YouTube,2025-06-25,https://socialmedia.com/post/106,Great product! #Gritzo,85284,224,421
107,162,YouTube,2025-05-24,https://socialmedia.com/post/107,Great product! #Gritzo,80558,1204,441
108,767,YouTube,2025-06-28,https://socialmedia.com/post/108,Great product! #MuscleBlaze,86549,2799,687
109,254,Twitter,2025-05-03,https://socialmedia.com/post/109,Great product! #Gritzo,82422,1961,168
110,521,Instagram,2025-05-11,https://socialmedia.com/post/110,Great product! #MB,26256,3020,23
111,977,Twitter,2025-06-14,https://socialmedia.com/post/111,Great product! #HKVitals,31005,228,382
112,651,Instagram,2025-05-04,https://socialmedia.com/post/112,Great product! #MB,7638,537,234
113,480,Twitter,2025-05-26,https://socialmedia.com/post/113,Great product! #MuscleBlaze,38419,4946,514
114,10,YouTube,2025-05-27,https://socialmedia.com/post/114,Great product! #Gritzo,34377,2648,82
115,726,YouTube,2025-06-15,https://socialmedia.com/post/115,Great product! #HKVitals,44116,3229,258
116,505,YouTube,2025-06-23,https://socialmedia.com/post/116,Great product! #MuscleBlaze,37634,1321,520
117,785,Twitter,2025-06-12,https://socialmedia.com/post/117,Great product! #Gritzo,83291,1001,612
118,836,Instagram,2025-05-27,https://socialmedia.com/post/118,Great product! #HKVitals,24382,3268,225
119,560,Instagram,2025-06-11,https://socialmedia.com/post/119,Great product! #HKVitals,57063,4586,982
120,436,YouTube,2025-06-20,https://socialmedia.com/post/120,Great product! #Gritzo,23394,4018,611
121,111,YouTube,2025-06-19,https://socialmedia.com/post/121,Great product! #HKVitals,68789,1167,550
122,153,YouTube,2025-05-06,https://socialmedia.com/post/122,Great product! #MuscleBlaze,1864,126,956
123,635,YouTube,2025-06-28,https://socialmedia.com/post/123,Great product! #Gritzo,41222,647,826
124,917,Instagram,2025-05-15,https://socialmedia.com/post/124,Great product! #MB,14666,2768,948
125,869,Twitter,2025-06-22,https://socialmedia.com/post/125,Great product! #MuscleBlaze,21955,666,997
126,102,Twitter,2025-05-30,https://socialmedia.com/post/126,Great product! #MuscleBlaze,82845,803,229
127,753,Twitter,2025-06-11,https://socialmedia.com/post/127,Great product! #Gritzo,70590,4380,849
128,833,Twitter,2025-06-06,https://socialmedia.com/post/128,Great product! #Gritzo,67471,3240,736
129,191,YouTube,2025-06-27,https://socialmedia.com/post/129,Great product! #HKVitals,89314,1690,230
130,729,YouTube,2025-06-06,https://socialmedia.com/post/130,Great product! #MuscleBlaze,44298,4794,398
131,563,YouTube,2025-06-11,https://socialmedia.com/post/131,Great product! #HKVitals,64108,905,563
132,804,Twitter,2025-06-29,https://socialmedia.com/post/132,Great product! #MuscleBlaze,49924,3891,656
133,81,YouTube,2025-06-06,https://socialmedia.com/post/133,Great product! #MuscleBlaze,17709,1457,51
134,489,YouTube,2025-06-04,https://socialmedia.com/post/134,Great product! #MB,10726,3325,685
135,895,Instagram,2025-05-23,https://socialmedia.com/post/135,Great product! #MuscleBlaze,61824,3718,882
136,88,Instagram,2025-05-06,https://socialmedia.com/post/136,Great product! #HKVitals,41542,2226,292
137,194,YouTube,2025-05-04,https://socialmedia.com/post/137,Great product! #HKVitals,21245,2560,67
138,104,Instagram,2025-05-18,https://socialmedia.com/post/138,Great product! #MB,35753,645,823
139,783,Instagram,2025-06-29,https://socialmedia.com/post/139,Great product! #HKVitals,80788,2828,843
140,96,YouTube,2025-05-09,https://socialmedia.com/post/140,Great product! #Gritzo,22316,3834,546
141,423,YouTube,2025-06-18,https://socialmedia.com/post/141,Great product! #MB,85698,2662,82
142,891,YouTube,2025-05-29,https://socialmedia.com/post/142,Great product! #HKVitals,16960,2179,894
143,198,YouTube,2025-05-13,https://socialmedia.com/post/143,Great product! #HKVitals,31791,2741,932
144,1,Twitter,2025-06-28,https://socialmedia.com/post/144,Great product! #Gritzo,26216,3214,138
145,407,Twitter,2025-06-16,https://socialmedia.com/post/145,Great product! #MB,33467,2026,608
146,378,YouTube,2025-06-21,https://socialmedia.com/post/146,Great product! #Gritzo,65427,716,851
147,167,Instagram,2025-05-17,https://socialmedia.com/post/147,Great product! #MB,63047,3744,435
148,509,YouTube,2025-06-14,https://socialmedia.com/post/148,Great product! #MB,74290,1303,957
149,638,YouTube,2025-06-01,https://socialmedia.com/post/149,Great product! #MuscleBlaze,48014,1859,674
150,313,Instagram,2025-06-17,https://socialmedia.com/post/150,Great product! #HKVitals,5078,2665,703
151,593,Twitter,2025-05-22,https://socialmedia.com/post/151,Great product! #HKVitals,79389,3274,134
152,418,YouTube,2025-05-04,https://socialmedia.com/post/152,Great product! #MuscleBlaze,51519,3181,76
153,763,YouTube,2025-05-05,https://socialmedia.com/post/153,Great product! #Gritzo,5042,2730,15
154,681,Twitter,2025-06-06,https://socialmedia.com/post/154,Great product! #MuscleBlaze,50052,3261,646
155,477,Twitter,2025-06-10,https://socialmedia.com/post/155,Great product! #HKVitals,15389,4421,323
156,73,Instagram,2025-06-18,https://socialmedia.com/post/156,Great product! #HKVitals,96961,769,335
157,141,Twitter,2025-05-13,https://socialmedia.com/post/157,Great product! #MuscleBlaze,69111,3268,574
158,582,Twitter,2025-06-03,https://socialmedia.com/post/158,Great product! #MuscleBlaze,94715,2221,587
159,262,Twitter,2025-06-14,https://socialmedia.com/post/159,Great product! #MuscleBlaze,51733,4178,835
160,340,Instagram,2025-05-22,https://socialmedia.com/post/160,Great product! #HKVitals,35754,4251,515
161,308,Twitter,2025-06-22,https://socialmedia.com/post/161,Great product! #MuscleBlaze,19624,819,91
162,245,Twitter,2025-06-28,https://socialmedia.com/post/162,Great product! #MuscleBlaze,86886,2700,608
163,515,Instagram,2025-05-23,https://socialmedia.com/post/163,Great product! #Gritzo,27681,3698,11
164,337,Twitter,2025-06-20,https://socialmedia.com/post/164,Great product! #MuscleBlaze,90524,4769,213
165,575,Twitter,2025-05-03,https://socialmedia.com/post/165,Great product! #HKVitals,82006,766,671
166,561,Instagram,2025-06-11,https://socialmedia.com/post/166,Great product! #Gritzo,25704,383,814
167,76,YouTube,2025-06-03,https://socialmedia.com/post/167,Great product! #MB,95913,4003,413
168,880,Instagram,2025-06-01,https://socialmedia.com/post/168,Great product! #HKVitals,95108,3665,112
169,175,Twitter,2025-06-14,https://socialmedia.com/post/169,Great product! #HKVitals,8493,2334,545
170,109,Twitter,2025-06-20,https://socialmedia.com/post/170,Great product! #MB,70639,4693,377
171,183,Twitter,2025-06-27,https://socialmedia.com/post/171,Great product! #HKVitals,55383,1565,221
172,192,Instagram,2025-06-18,https://socialmedia.com/post/172,Great product! #MB,3994,229,586
173,65,Twitter,2025-05-21,https://socialmedia.com/post/173,Great product! #MB,70280,4834,970
174,849,Twitter,2025-06-15,https://socialmedia.com/post/174,Great product! #HKVitals,48234,2160,218
175,963,Instagram,2025-06-13,https://socialmedia.com/post/175,Great product! #MuscleBlaze,48291,3772,772
176,474,YouTube,2025-05-21,https://socialmedia.com/post/176,Great product! #MuscleBlaze,93868,2594,906
177,783,YouTube,2025-06-13,https://socialmedia.com/post/177,Great product! #MB,6594,1092,126
178,100,Twitter,2025-05-11,https://socialmedia.com/post/178,Great product! #Gritzo,8371,2221,637
179,544,Instagram,2025-06-08,https://socialmedia.com/post/179,Great product! #MB,48315,2684,758
180,864,Twitter,2025-05-04,https://socialmedia.com/post/180,Great product! #MB,84564,4296,487
181,128,Instagram,2025-06-20,https://socialmedia.com/post/181,Great product! #MB,80526,2323,114
182,452,Instagram,2025-05-01,https://socialmedia.com/post/182,Great product! #MuscleBlaze,17626,4622,504
183,914,YouTube,2025-05-28,https://socialmedia.com/post/183,Great product! #MuscleBlaze,87005,3288,780
184,369,YouTube,2025-05-24,https://socialmedia.com/post/184,Great product! #MuscleBlaze,8130,3337,55
185,851,Instagram,2025-06-04,https://socialmedia.com/post/185,Great product! #MB,7828,4236,832
186,43,Twitter,2025-05-13,https://socialmedia.com/post/186,Great product! #Gritzo,58514,4624,340
187,884,YouTube,2025-06-16,https://socialmedia.com/post/187,Great product! #MuscleBlaze,53664,443,225
188,419,Twitter,2025-06-03,https://socialmedia.com/post/188,Great product! #HKVitals,18883,4561,991
189,488,YouTube,2025-05-11,https://socialmedia.com/post/189,Great product! #HKVitals,44059,4804,969
190,78,YouTube,2025-06-05,https://socialmedia.com/post/190,Great product! #HKVitals,85078,4923,501
191,826,Twitter,2025-06-20,https://socialmedia.com/post/191,Great product! #MB,43932,2376,822
192,801,YouTube,2025-05-17,https://socialmedia.com/post/192,Great product! #HKVitals,62269,3301,931
193,270,YouTube,2025-06-04,https://socialmedia.com/post/193,Great product! #MB,76986,988,854
194,674,Twitter,2025-06-29,https://socialmedia.com/post/194,Great product! #HKVitals,86959,2143,458
195,701,YouTube,2025-05-18,https://socialmedia.com/post/195,Great product! #Gritzo,3035,1441,545
196,759,YouTube,2025-06-09,https://socialmedia.com/post/196,Great product! #MB,41745,3820,520
197,900,YouTube,2025-05-22,https://socialmedia.com/post/197,Great product! #HKVitals,18241,2983,467
198,728,Twitter,2025-06-26,https://socialmedia.com/post/198,Great product! #MuscleBlaze,53975,4312,556
199,315,Instagram,2025-05-24,https://socialmedia.com/post/199,Great product! #MB,24154,2515,545
200,925,Twitter,2025-06-27,https://socialmedia.com/post/200,Great product! #MuscleBlaze,26625,1217,549
201,851,Instagram,2025-05-19,https://socialmedia.com/post/201,Great product! #MuscleBlaze,45950,4363,493
202,902,YouTube,2025-06-06,https://socialmedia.com/post/202,Great product! #MuscleBlaze,99602,3101,985
203,889,Instagram,2025-06-08,https://socialmedia.com/post/203,Great product! #MuscleBlaze,57396,1838,25
204,993,Twitter,2025-05-21,https://socialmedia.com/post/204,Great product! #HKVitals,14331,1464,580
205,945,Twitter,2025-05-08,https://socialmedia.com/post/205,Great product! #HKVitals,64927,2808,986
206,168,YouTube,2025-05-28,https://socialmedia.com/post/206,Great product! #MB,87226,4890,252
207,339,Instagram,2025-05-05,https://socialmedia.com/post/207,Great product! #MB,85719,1024,959
208,193,YouTube,2025-05-17,https://socialmedia.com/post/208,Great product! #MB,64014,251,216
209,453,YouTube,2025-06-06,https://socialmedia.com/post/209,Great product! #HKVitals,40346,685,921
210,283,Twitter,2025-06-05,https://socialmedia.com/post/210,Great product! #MB,71411,1012,280
211,336,Instagram,2025-06-23,https://socialmedia.com/post/211,Great product! #MuscleBlaze,55478,2421,770
212,390,Instagram,2025-05-19,https://socialmedia.com/post/212,Great product! #HKVitals,13254,595,788
213,1000,Instagram,2025-05-27,https://socialmedia.com/post/213,Great product! #MB,56734,3895,714
214,525,Instagram,2025-06-22,https://socialmedia.com/post/214,Great product! #MuscleBlaze,29621,2248,856
215,240,YouTube,2025-06-03,https://socialmedia.com/post/215,Great product! #MB,77441,656,739
216,832,YouTube,2025-05-11,https://socialmedia.com/post/216,Great product! #Gritzo,47121,1652,124
217,958,Twitter,2025-06-23,https://socialmedia.com/post/217,Great product! #MB,82418,2220,589
218,483,YouTube,2025-06-14,https://socialmedia.com/post/218,Great product! #Gritzo,61197,3185,308
219,659,YouTube,2025-06-16,https://socialmedia.com/post/219,Great product! #MB,85577,3604,846
220,716,Twitter,2025-05-12,https://socialmedia.com/post/220,Great product! #MB,95634,256,492
221,592,Twitter,2025-06-23,https://socialmedia.com/post/221,Great product! #HKVitals,43431,834,406
222,891,Twitter,2025-05-21,https://socialmedia.com/post/222,Great product! #HKVitals,5837,4754,403
223,555,YouTube,2025-06-23,https://socialmedia.com/post/223,Great product! #Gritzo,91025,3376,84
224,458,YouTube,2025-05-11,https://socialmedia.com/post/224,Great product! #HKVitals,84163,254,987
225,89,Twitter,2025-06-08,https://socialmedia.com/post/225,Great product! #MuscleBlaze,72232,1096,491
226,660,Twitter,2025-05-28,https://socialmedia.com/post/226,Great product! #MuscleBlaze,49994,2394,112
227,95,Twitter,2025-05-05,https://socialmedia.com/post/227,Great product! #Gritzo,80079,4726,306
228,452,YouTube,2025-05-17,https://socialmedia.com/post/228,Great product! #MuscleBlaze,13615,3005,187
229,428,YouTube,2025-06-25,https://socialmedia.com/post/229,Great product! #MuscleBlaze,2466,4924,224
230,151,Instagram,2025-05-20,https://socialmedia.com/post/230,Great product! #MB,31771,1277,976
231,514,YouTube,2025-06-10,https://socialmedia.com/post/231,Great product! #HKVitals,84886,253,324
232,376,YouTube,2025-06-15,https://socialmedia.com/post/232,Great product! #MuscleBlaze,66911,4287,48
233,22,YouTube,2025-06-27,https://socialmedia.com/post/233,Great product! #MuscleBlaze,99566,1816,268
234,883,Twitter,2025-05-12,https://socialmedia.com/post/234,Great product! #HKVitals,21746,3302,725
235,313,YouTube,2025-05-06,https://socialmedia.com/post/235,Great product! #MuscleBlaze,89422,2957,16
236,997,Twitter,2025-05-17,https://socialmedia.com/post/236,Great product! #MuscleBlaze,61739,886,58
237,840,Instagram,2025-06-20,https://socialmedia.com/post/237,Great product! #HKVitals,99187,4468,547
238,519,Instagram,2025-05-19,https://socialmedia.com/post/238,Great product! #MB,74369,4372,170
239,206,Twitter,2025-05-26,https://socialmedia.com/post/239,Great product! #MuscleBlaze,2893,3867,878
240,952,Twitter,2025-06-17,https://socialmedia.com/post/240,Great product! #HKVitals,31573,2978,185
241,375,Twitter,2025-06-13,https://socialmedia.com/post/241,Great product! #MuscleBlaze,97907,742,600
242,451,YouTube,2025-06-13,https://socialmedia.com/post/242,Great product! #MuscleBlaze,41874,4762,11
243,626,Instagram,2025-06-21,https://socialmedia.com/post/243,Great product! #MB,78362,765,904
244,784,Twitter,2025-06-01,https://socialmedia.com/post/244,Great product! #Gritzo,88460,3526,464
245,595,YouTube,2025-05-06,https://socialmedia.com/post/245,Great product! #Gritzo,34367,3883,937
246,179,Instagram,2025-06-24,https://socialmedia.com/post/246,Great product! #HKVitals,22199,3801,653
247,210,YouTube,2025-06-27,https://socialmedia.com/post/247,Great product! #Gritzo,92404,1169,285
248,500,Instagram,2025-06-05,https://socialmedia.com/post/248,Great product! #HKVitals,75328,2449,507
249,464,YouTube,2025-06-07,https://socialmedia.com/post/249,Great product! #Gritzo,58724,4603,638
250,840,Instagram,2025-05-11,https://socialmedia.com/post/250,Great product! #MB,87133,1312,685
251,124,Instagram,2025-06-02,https://socialmedia.com/post/251,Great product! #HKVitals,37405,1252,809
252,993,YouTube,2025-05-24,https://socialmedia.com/post/252,Great product! #Gritzo,99232,2611,37
253,113,Twitter,2025-05-23,https://socialmedia.com/post/253,Great product! #MB,16989,243,342
254,12,Instagram,2025-05-15,https://socialmedia.com/post/254,Great product! #Gritzo,29931,2589,10
255,126,Twitter,2025-05-27,https://socialmedia.com/post/255,Great product! #MuscleBlaze,10290,3328,197
256,565,YouTube,2025-05-11,https://socialmedia.com/post/256,Great product! #MuscleBlaze,39367,4682,65
257,331,Twitter,2025-06-26,https://socialmedia.com/post/257,Great product! #MB,80878,3305,556
258,901,Twitter,2025-06-20,https://socialmedia.com/post/258,Great product! #MuscleBlaze,91477,4343,121
259,283,Twitter,2025-06-19,https://socialmedia.com/post/259,Great product! #MuscleBlaze,80481,3242,807
260,140,Twitter,2025-05-17,https://socialmedia.com/post/260,Great product! #HKVitals,77298,3404,319
261,401,Twitter,2025-06-20,https://socialmedia.com/post/261,Great product! #Gritzo,31133,1457,45
262,902,Instagram,2025-06-22,https://socialmedia.com/post/262,Great product! #HKVitals,28052,2813,448
263,97,Instagram,2025-05-14,https://socialmedia.com/post/263,Great product! #Gritzo,86489,4285,738
264,517,Instagram,2025-05-27,https://socialmedia.com/post/264,Great product! #MuscleBlaze,41475,1457,601
265,569,YouTube,2025-05-18,https://socialmedia.com/post/265,Great product! #HKVitals,83666,4394,835
266,924,Twitter,2025-05-28,https://socialmedia.com/post/266,Great product! #Gritzo,97622,4733,604
267,846,Instagram,2025-06-20,https://socialmedia.com/post/267,Great product! #Gritzo,58656,3292,586
268,69,YouTube,2025-06-16,https://socialmedia.com/post/268,Great product! #HKVitals,5633,400,334
269,118,Instagram,2025-06-16,https://socialmedia.com/post/269,Great product! #MB,18304,823,649
270,888,Instagram,2025-05-04,https://socialmedia.com/post/270,Great product! #Gritzo,98820,3110,316
271,59,Twitter,2025-05-07,https://socialmedia.com/post/271,Great product! #MuscleBlaze,47546,167,543
272,33,YouTube,2025-06-14,https://socialmedia.com/post/272,Great product! #Gritzo,8008,3936,737
273,318,Twitter,2025-06-04,https://socialmedia.com/post/273,Great product! #MuscleBlaze,49291,4093,628
274,50,Twitter,2025-06-17,https://socialmedia.com/post/274,Great product! #HKVitals,28405,2606,118
275,880,Instagram,2025-05-09,https://socialmedia.com/post/275,Great product! #Gritzo,37386,1637,381
276,489,Twitter,2025-05-08,https://socialmedia.com/post/276,Great product! #MuscleBlaze,91909,497,366
277,19,YouTube,2025-06-21,https://socialmedia.com/post/277,Great product! #MuscleBlaze,21827,4815,190
278,726,Twitter,2025-06-14,https://socialmedia.com/post/278,Great product! #HKVitals,34040,3457,365
279,197,Twitter,2025-05-17,https://socialmedia.com/post/279,Great product! #Gritzo,61354,1263,685
280,891,Twitter,2025-05-17,https://socialmedia.com/post/280,Great product! #Gritzo,79543,4925,77
281,450,Instagram,2025-06-18,https://socialmedia.com/post/281,Great product! #HKVitals,19157,655,301
282,990,YouTube,2025-06-02,https://socialmedia.com/post/282,Great product! #Gritzo,98693,3761,701
283,559,Instagram,2025-06-01,https://socialmedia.com/post/283,Great product! #HKVitals,36315,1851,190
284,679,Instagram,2025-05-08,https://socialmedia.com/post/284,Great product! #Gritzo,36932,3041,475
285,452,Instagram,2025-05-19,https://socialmedia.com/post/285,Great product! #MB,22164,2757,443
286,289,Instagram,2025-06-07,https://socialmedia.com/post/286,Great product! #Gritzo,15414,2895,473
287,141,Instagram,2025-05-03,https://socialmedia.com/post/287,Great product! #MuscleBlaze,15327,2429,690
288,84,YouTube,2025-06-28,https://socialmedia.com/post/288,Great product! #MuscleBlaze,1946,2059,923
289,694,Twitter,2025-05-05,https://socialmedia.com/post/289,Great product! #MB,15693,1701,543
290,391,Instagram,2025-05-13,https://socialmedia.com/post/290,Great product! #Gritzo,28241,2893,75
291,591,Instagram,2025-06-16,https://socialmedia.com/post/291,Great product! #MuscleBlaze,96790,1580,30
292,215,YouTube,2025-06-15,https://socialmedia.com/post/292,Great product! #MuscleBlaze,16540,1202,621
293,526,YouTube,2025-05-31,https://socialmedia.com/post/293,Great product! #Gritzo,73255,3376,393
294,215,Twitter,2025-06-24,https://socialmedia.com/post/294,Great product! #HKVitals,65757,1399,821
295,403,YouTube,2025-05-16,https://socialmedia.com/post/295,Great product! #Gritzo,42203,3979,624
296,128,Twitter,2025-06-19,https://socialmedia.com/post/296,Great product! #HKVitals,26081,1635,568
297,822,Instagram,2025-06-01,https://socialmedia.com/post/297,Great product! #MB,62861,177,48
298,477,Instagram,2025-05-22,https://socialmedia.com/post/298,Great product! #MB,12350,2931,294
299,760,Twitter,2025-05-29,https://socialmedia.com/post/299,Great product! #MuscleBlaze,56512,3510,831
300,404,YouTube,2025-05-22,https://socialmedia.com/post/300,Great product! #MuscleBlaze,57809,2821,611
301,29,Twitter,2025-06-12,https://socialmedia.com/post/301,Great product! #MuscleBlaze,98557,3727,606
302,792,YouTube,2025-05-03,https://socialmedia.com/post/302,Great product! #HKVitals,43832,1632,794
303,338,Instagram,2025-06-23,https://socialmedia.com/post/303,Great product! #MuscleBlaze,29369,337,345
304,831,YouTube,2025-05-10,https://socialmedia.com/post/304,Great product! #Gritzo,32728,2096,197
305,714,Twitter,2025-06-11,https://socialmedia.com/post/305,Great product! #HKVitals,18576,3527,680
306,361,Twitter,2025-05-21,https://socialmedia.com/post/306,Great product! #MB,30001,377,252
307,569,Instagram,2025-05-16,https://socialmedia.com/post/307,Great product! #HKVitals,84384,3189,82
308,392,YouTube,2025-05-12,https://socialmedia.com/post/308,Great product! #MuscleBlaze,1390,623,488
309,218,YouTube,2025-05-02,https://socialmedia.com/post/309,Great product! #Gritzo,88535,4375,983
310,574,YouTube,2025-06-10,https://socialmedia.com/post/310,Great product! #Gritzo,46436,4318,570
311,669,Instagram,2025-05-24,https://socialmedia.com/post/311,Great product! #MuscleBlaze,12569,3222,110
312,202,YouTube,2025-06-04,https://socialmedia.com/post/312,Great product! #Gritzo,14029,4675,523
313,17,Twitter,2025-06-25,https://socialmedia.com/post/313,Great product! #HKVitals,23490,1897,765
314,322,YouTube,2025-05-30,https://socialmedia.com/post/314,Great product! #HKVitals,46875,2231,185
315,518,Instagram,2025-06-26,https://socialmedia.com/post/315,Great product! #MuscleBlaze,6867,915,247
316,570,YouTube,2025-05-30,https://socialmedia.com/post/316,Great product! #Gritzo,81820,2794,919
317,325,YouTube,2025-06-16,https://socialmedia.com/post/317,Great product! #MB,10121,542,68
318,412,Twitter,2025-06-04,https://socialmedia.com/post/318,Great product! #HKVitals,2539,3240,874
319,318,YouTube,2025-05-19,https://socialmedia.com/post/319,Great product! #HKVitals,92024,242,108
320,681,Twitter,2025-06-19,https://socialmedia.com/post/320,Great product! #HKVitals,18027,4387,963
321,965,Twitter,2025-05-08,https://socialmedia.com/post/321,Great product! #HKVitals,75229,1510,880
322,82,Instagram,2025-05-26,https://socialmedia.com/post/322,Great product! #MB,9921,4573,963
323,474,Twitter,2025-06-18,https://socialmedia.com/post/323,Great product! #MuscleBlaze,51435,634,504
324,468,Twitter,2025-06-09,https://socialmedia.com/post/324,Great product! #HKVitals,11310,1816,956
325,425,Instagram,2025-05-07,https://socialmedia.com/post/325,Great product! #Gritzo,64965,3464,989
326,945,Twitter,2025-05-30,https://socialmedia.com/post/326,Great product! #MB,97444,1132,523
327,731,Instagram,2025-05-07,https://socialmedia.com/post/327,Great product! #HKVitals,70922,3442,764
328,689,YouTube,2025-05-03,https://socialmedia.com/post/328,Great product! #Gritzo,98799,1510,306
329,204,Instagram,2025-05-01,https://socialmedia.com/post/329,Great product! #HKVitals,94948,4600,220
330,583,Twitter,2025-06-05,https://socialmedia.com/post/330,Great product! #MuscleBlaze,83839,1272,132
331,387,Instagram,2025-05-25,https://socialmedia.com/post/331,Great product! #MB,13242,988,238
332,778,Twitter,2025-06-06,https://socialmedia.com/post/332,Great product! #MuscleBlaze,9947,3438,603
333,98,YouTube,2025-05-01,https://socialmedia.com/post/333,Great product! #MB,72466,4617,665
334,345,Instagram,2025-05-15,https://socialmedia.com/post/334,Great product! #HKVitals,62816,1741,397
335,803,YouTube,2025-06-06,https://socialmedia.com/post/335,Great product! #HKVitals,49785,571,149
336,208,Twitter,2025-05-13,https://socialmedia.com/post/336,Great product! #MB,1507,3040,550
337,514,Twitter,2025-06-09,https://socialmedia.com/post/337,Great product! #Gritzo,67972,646,400
338,636,YouTube,2025-05-08,https://socialmedia.com/post/338,Great product! #Gritzo,28151,4826,279
339,792,Instagram,2025-05-05,https://socialmedia.com/post/339,Great product! #HKVitals,12618,3697,768
340,586,Instagram,2025-06-29,https://socialmedia.com/post/340,Great product! #HKVitals,75286,2925,21
341,166,Twitter,2025-05-09,https://socialmedia.com/post/341,Great product! #MuscleBlaze,17122,3823,876
342,22,YouTube,2025-05-01,https://socialmedia.com/post/342,Great product! #HKVitals,8354,463,398
343,154,YouTube,2025-06-05,https://socialmedia.com/post/343,Great product! #MB,31979,2266,346
344,939,Instagram,2025-06-04,https://socialmedia.com/post/344,Great product! #Gritzo,87436,3409,515
345,439,Instagram,2025-05-02,https://socialmedia.com/post/345,Great product! #Gritzo,80376,645,115
346,295,Instagram,2025-06-09,https://socialmedia.com/post/346,Great product! #MuscleBlaze,53774,3340,41
347,219,YouTube,2025-05-23,https://socialmedia.com/post/347,Great product! #Gritzo,6037,4829,83
348,669,Instagram,2025-05-09,https://socialmedia.com/post/348,Great product! #Gritzo,29633,2036,180
349,495,Instagram,2025-06-03,https://socialmedia.com/post/349,Great product! #MB,25495,1062,858
350,230,Twitter,2025-06-15,https://socialmedia.com/post/350,Great product! #Gritzo,65550,3105,78
351,20,Instagram,2025-05-14,https://socialmedia.com/post/351,Great product! #MuscleBlaze,82384,3906,822
352,987,Instagram,2025-05-04,https://socialmedia.com/post/352,Great product! #MuscleBlaze,37483,982,371
353,553,YouTube,2025-05-30,https://socialmedia.com/post/353,Great product! #Gritzo,74373,3940,658
354,950,YouTube,2025-05-31,https://socialmedia.com/post/354,Great product! #HKVitals,35069,970,442
355,148,Twitter,2025-06-07,https://socialmedia.com/post/355,Great product! #Gritzo,8370,4711,938
356,108,Instagram,2025-05-11,https://socialmedia.com/post/356,Great product! #MuscleBlaze,72947,3085,109
357,403,Twitter,2025-06-04,https://socialmedia.com/post/357,Great product! #MuscleBlaze,40133,965,667
358,596,YouTube,2025-05-08,https://socialmedia.com/post/358,Great product! #MB,97035,4409,18
359,483,Twitter,2025-05-03,https://socialmedia.com/post/359,Great product! #Gritzo,96761,3303,583
360,367,YouTube,2025-05-14,https://socialmedia.com/post/360,Great product! #Gritzo,1692,2997,706
361,834,Twitter,2025-06-29,https://socialmedia.com/post/361,Great product! #MB,29926,2344,38
362,414,Twitter,2025-05-13,https://socialmedia.com/post/362,Great product! #MuscleBlaze,74984,118,902
363,309,Instagram,2025-06-14,https://socialmedia.com/post/363,Great product! #MB,44390,741,123
364,802,Twitter,2025-06-01,https://socialmedia.com/post/364,Great product! #HKVitals,50593,3183,471
365,918,Instagram,2025-06-03,https://socialmedia.com/post/365,Great product! #Gritzo,76609,429,930
366,835,Instagram,2025-06-14,https://socialmedia.com/post/366,Great product! #MuscleBlaze,6209,965,152
367,134,Instagram,2025-05-19,https://socialmedia.com/post/367,Great product! #MB,7533,873,399
368,719,Instagram,2025-06-28,https://socialmedia.com/post/368,Great product! #MuscleBlaze,87597,4587,641
369,283,Twitter,2025-06-07,https://socialmedia.com/post/369,Great product! #HKVitals,8211,4832,691
370,778,YouTube,2025-05-16,https://socialmedia.com/post/370,Great product! #Gritzo,10927,2454,166
371,73,YouTube,2025-05-02,https://socialmedia.com/post/371,Great product! #MB,78463,3438,344
372,481,YouTube,2025-06-09,https://socialmedia.com/post/372,Great product! #MuscleBlaze,25594,3618,870
373,352,Twitter,2025-05-17,https://socialmedia.com/post/373,Great product! #Gritzo,75852,3042,269
374,560,Instagram,2025-06-24,https://socialmedia.com/post/374,Great product! #Gritzo,78713,2667,91
375,326,YouTube,2025-06-03,https://socialmedia.com/post/375,Great product! #MuscleBlaze,77382,1774,763
376,745,Twitter,2025-06-11,https://socialmedia.com/post/376,Great product! #Gritzo,8933,2783,450
377,443,Instagram,2025-06-29,https://socialmedia.com/post/377,Great product! #Gritzo,41696,3480,954
378,100,YouTube,2025-05-16,https://socialmedia.com/post/378,Great product! #MB,66449,839,181
379,59,Instagram,2025-06-07,https://socialmedia.com/post/379,Great product! #Gritzo,68616,1645,240
380,508,YouTube,2025-06-29,https://socialmedia.com/post/380,Great product! #MB,7089,4664,729
381,258,YouTube,2025-05-02,https://socialmedia.com/post/381,Great product! #Gritzo,57548,2359,84
382,413,YouTube,2025-05-02,https://socialmedia.com/post/382,Great product! #HKVitals,27123,1235,279
383,452,Instagram,2025-05-26,https://socialmedia.com/post/383,Great product! #HKVitals,8797,973,908
384,65,Twitter,2025-05-13,https://socialmedia.com/post/384,Great product! #MB,51013,4655,635
385,595,Instagram,2025-06-25,https://socialmedia.com/post/385,Great product! #MB,9346,2400,71
386,154,YouTube,2025-06-16,https://socialmedia.com/post/386,Great product! #HKVitals,86414,851,883
387,985,Instagram,2025-05-31,https://socialmedia.com/post/387,Great product! #Gritzo,34672,953,329
388,266,Twitter,2025-06-29,https://socialmedia.com/post/388,Great product! #MB,18653,3832,111
389,821,Instagram,2025-06-03,https://socialmedia.com/post/389,Great product! #MuscleBlaze,50556,2383,438
390,79,Twitter,2025-06-08,https://socialmedia.com/post/390,Great product! #Gritzo,27140,1429,883
391,315,Twitter,2025-05-03,https://socialmedia.com/post/391,Great product! #Gritzo,2184,577,731
392,662,Instagram,2025-05-08,https://socialmedia.com/post/392,Great product! #HKVitals,35493,2826,963
393,947,YouTube,2025-05-23,https://socialmedia.com/post/393,Great product! #MB,45148,3191,264
394,560,Twitter,2025-05-14,https://socialmedia.com/post/394,Great product! #Gritzo,25846,4330,541
395,917,Instagram,2025-06-25,https://socialmedia.com/post/395,Great product! #MB,23195,4605,579
396,891,Twitter,2025-06-24,https://socialmedia.com/post/396,Great product! #MB,6606,1369,121
397,248,YouTube,2025-05-27,https://socialmedia.com/post/397,Great product! #MB,4956,4281,994
398,790,Instagram,2025-06-23,https://socialmedia.com/post/398,Great product! #HKVitals,17555,2703,322
399,868,Instagram,2025-05-29,https://socialmedia.com/post/399,Great product! #MB,91385,1569,470
400,610,Instagram,2025-06-08,https://socialmedia.com/post/400,Great product! #HKVitals,19690,477,717
401,414,YouTube,2025-06-22,https://socialmedia.com/post/401,Great product! #MuscleBlaze,59502,1780,896
402,25,Twitter,2025-06-08,https://socialmedia.com/post/402,Great product! #Gritzo,49849,341,471
403,284,Instagram,2025-05-01,https://socialmedia.com/post/403,Great product! #Gritzo,27347,1019,874
404,449,Twitter,2025-05-17,https://socialmedia.com/post/404,Great product! #MuscleBlaze,99725,169,101
405,881,Twitter,2025-06-10,https://socialmedia.com/post/405,Great product! #HKVitals,92321,4024,61
406,301,YouTube,2025-05-30,https://socialmedia.com/post/406,Great product! #Gritzo,50056,2186,814
407,68,Instagram,2025-06-22,https://socialmedia.com/post/407,Great product! #HKVitals,64851,2107,529
408,7,Twitter,2025-05-13,https://socialmedia.com/post/408,Great product! #HKVitals,99234,900,821
409,817,Instagram,2025-05-21,https://socialmedia.com/post/409,Great product! #HKVitals,82502,2879,107
410,137,Instagram,2025-05-19,https://socialmedia.com/post/410,Great product! #MuscleBlaze,97633,855,245
411,164,YouTube,2025-06-22,https://socialmedia.com/post/411,Great product! #MuscleBlaze,82418,2095,910
412,83,Instagram,2025-05-19,https://socialmedia.com/post/412,Great product! #HKVitals,71211,1421,383
413,897,Instagram,2025-06-26,https://socialmedia.com/post/413,Great product! #MB,42850,2430,590
414,650,Twitter,2025-05-25,https://socialmedia.com/post/414,Great product! #MuscleBlaze,79545,209,936
415,420,YouTube,2025-05-22,https://socialmedia.com/post/415,Great product! #MB,28843,1116,566
416,73,Instagram,2025-05-31,https://socialmedia.com/post/416,Great product! #MB,63320,3965,658
417,237,Twitter,2025-05-17,https://socialmedia.com/post/417,Great product! #HKVitals,30793,124,243
418,46,YouTube,2025-06-24,https://socialmedia.com/post/418,Great product! #MB,40516,2938,41
419,618,YouTube,2025-05-23,https://socialmedia.com/post/419,Great product! #MB,18857,837,298
420,928,Twitter,2025-06-01,https://socialmedia.com/post/420,Great product! #MB,20627,279,647
421,800,Twitter,2025-05-10,https://socialmedia.com/post/421,Great product! #HKVitals,62822,331,588
422,262,Twitter,2025-05-10,https://socialmedia.com/post/422,Great product! #HKVitals,85101,2017,551
423,176,Twitter,2025-06-05,https://socialmedia.com/post/423,Great product! #MuscleBlaze,92561,442,123
424,166,Twitter,2025-05-08,https://socialmedia.com/post/424,Great product! #MuscleBlaze,53248,4672,213
425,657,Instagram,2025-06-23,https://socialmedia.com/post/425,Great product! #MB,56798,2723,38
426,842,Instagram,2025-06-21,https://socialmedia.com/post/426,Great product! #HKVitals,94368,554,652
427,370,YouTube,2025-05-20,https://socialmedia.com/post/427,Great product! #HKVitals,45116,4484,483
428,795,Instagram,2025-06-01,https://socialmedia.com/post/428,Great product! #MB,76318,4725,706
429,54,Instagram,2025-06-19,https://socialmedia.com/post/429,Great product! #MuscleBlaze,88902,2376,262
430,690,Instagram,2025-05-14,https://socialmedia.com/post/430,Great product! #HKVitals,29557,695,807
431,419,Twitter,2025-06-19,https://socialmedia.com/post/431,Great product! #MuscleBlaze,72334,3974,914
432,756,YouTube,2025-05-28,https://socialmedia.com/post/432,Great product! #MB,76163,4630,931
433,507,YouTube,2025-06-15,https://socialmedia.com/post/433,Great product! #HKVitals,79002,4597,395
434,341,YouTube,2025-06-21,https://socialmedia.com/post/434,Great product! #MB,43614,2769,71
435,127,YouTube,2025-06-22,https://socialmedia.com/post/435,Great product! #Gritzo,13720,2235,524
436,409,Instagram,2025-05-24,https://socialmedia.com/post/436,Great product! #MB,58608,4064,439
437,924,Instagram,2025-05-15,https://socialmedia.com/post/437,Great product! #MB,73095,1665,589
438,367,Twitter,2025-05-22,https://socialmedia.com/post/438,Great product! #MB,85694,408,546
439,271,YouTube,2025-05-30,https://socialmedia.com/post/439,Great product! #HKVitals,97452,442,700
440,644,Instagram,2025-05-04,https://socialmedia.com/post/440,Great product! #MB,88593,535,150
441,605,Instagram,2025-05-13,https://socialmedia.com/post/441,Great product! #MB,36892,276,752
442,379,Twitter,2025-06-28,https://socialmedia.com/post/442,Great product! #Gritzo,78242,238,309
443,73,Twitter,2025-05-23,https://socialmedia.com/post/443,Great product! #HKVitals,78606,293,684
444,923,Twitter,2025-05-08,https://socialmedia.com/post/444,Great product! #Gritzo,1924,3357,320
445,922,Instagram,2025-05-18,https://socialmedia.com/post/445,Great product! #MB,52322,3335,480
446,915,Instagram,2025-05-12,https://socialmedia.com/post/446,Great product! #HKVitals,27478,1042,402
447,248,Twitter,2025-06-24,https://socialmedia.com/post/447,Great product! #Gritzo,72042,4720,651
448,860,YouTube,2025-05-31,https://socialmedia.com/post/448,Great product! #MB,47418,3979,454
449,785,Twitter,2025-05-14,https://socialmedia.com/post/449,Great product! #MuscleBlaze,63217,3213,767
450,43,Twitter,2025-06-03,https://socialmedia.com/post/450,Great product! #Gritzo,91140,3062,818
451,377,Twitter,2025-05-18,https://socialmedia.com/post/451,Great product! #HKVitals,81846,4936,181
452,41,Twitter,2025-06-25,https://socialmedia.com/post/452,Great product! #Gritzo,74762,1053,585
453,170,Instagram,2025-06-03,https://socialmedia.com/post/453,Great product! #Gritzo,12781,1402,40
454,946,YouTube,2025-05-11,https://socialmedia.com/post/454,Great product! #Gritzo,6515,3481,56
455,212,Twitter,2025-06-10,https://socialmedia.com/post/455,Great product! #MuscleBlaze,37133,2980,139
456,493,YouTube,2025-05-12,https://socialmedia.com/post/456,Great product! #HKVitals,83508,2287,361
457,680,YouTube,2025-06-18,https://socialmedia.com/post/457,Great product! #HKVitals,98628,4987,987
458,39,YouTube,2025-05-15,https://socialmedia.com/post/458,Great product! #HKVitals,77946,645,854
459,369,Twitter,2025-06-26,https://socialmedia.com/post/459,Great product! #MB,86058,2027,631
460,757,Instagram,2025-05-31,https://socialmedia.com/post/460,Great product! #HKVitals,10095,4252,590
461,151,Twitter,2025-06-18,https://socialmedia.com/post/461,Great product! #HKVitals,89583,104,67
462,111,YouTube,2025-06-27,https://socialmedia.com/post/462,Great product! #MuscleBlaze,21470,3581,115
463,480,YouTube,2025-05-29,https://socialmedia.com/post/463,Great product! #MB,44129,3353,821
464,436,Instagram,2025-05-26,https://socialmedia.com/post/464,Great product! #MB,9531,1462,339
465,47,Twitter,2025-05-18,https://socialmedia.com/post/465,Great product! #Gritzo,38038,1920,777
466,575,YouTube,2025-06-01,https://socialmedia.com/post/466,Great product! #MB,88939,2763,833
467,737,Instagram,2025-05-22,https://socialmedia.com/post/467,Great product! #MB,43674,3038,692
468,366,YouTube,2025-06-07,https://socialmedia.com/post/468,Great product! #MuscleBlaze,95658,1373,392
469,69,Instagram,2025-05-17,https://socialmedia.com/post/469,Great product! #HKVitals,83476,3426,994
470,299,Instagram,2025-05-23,https://socialmedia.com/post/470,Great product! #MB,30831,3759,171
471,944,Twitter,2025-05-24,https://socialmedia.com/post/471,Great product! #MB,58174,3045,295
472,802,YouTube,2025-06-19,https://socialmedia.com/post/472,Great product! #MuscleBlaze,12279,3118,80
473,296,Twitter,2025-05-08,https://socialmedia.com/post/473,Great product! #MB,39220,1231,776
474,203,YouTube,2025-06-10,https://socialmedia.com/post/474,Great product! #MB,61610,4863,463
475,61,Twitter,2025-05-06,https://socialmedia.com/post/475,Great product! #MuscleBlaze,53719,2736,895
476,946,YouTube,2025-05-05,https://socialmedia.com/post/476,Great product! #Gritzo,54051,3129,576
477,963,Twitter,2025-06-13,https://socialmedia.com/post/477,Great product! #Gritzo,73013,3119,844
478,830,Instagram,2025-06-26,https://socialmedia.com/post/478,Great product! #MB,57652,4477,406
479,314,YouTube,2025-05-29,https://socialmedia.com/post/479,Great product! #MB,66524,3259,524
480,161,YouTube,2025-05-28,https://socialmedia.com/post/480,Great product! #HKVitals,83936,353,35
481,331,Instagram,2025-05-11,https://socialmedia.com/post/481,Great product! #MB,7470,428,322
482,528,Twitter,2025-06-26,https://socialmedia.com/post/482,Great product! #HKVitals,68598,2691,135
483,338,YouTube,2025-05-01,https://socialmedia.com/post/483,Great product! #Gritzo,42798,2930,417
484,606,YouTube,2025-06-12,https://socialmedia.com/post/484,Great product! #MB,54473,3144,574
485,304,Twitter,2025-05-19,https://socialmedia.com/post/485,Great product! #MB,20880,1520,207
486,503,Instagram,2025-05-09,https://socialmedia.com/post/486,Great product! #MuscleBlaze,45439,3501,820
487,650,Twitter,2025-05-27,https://socialmedia.com/post/487,Great product! #MB,15308,2992,197
488,338,Twitter,2025-06-03,https://socialmedia.com/post/488,Great product! #Gritzo,92563,754,707
489,550,Twitter,2025-06-13,https://socialmedia.com/post/489,Great product! #MB,97256,859,826
490,639,YouTube,2025-05-04,https://socialmedia.com/post/490,Great product! #HKVitals,36081,1898,819
491,275,Instagram,2025-06-05,https://socialmedia.com/post/491,Great product! #MB,76242,3071,725
492,164,Instagram,2025-05-18,https://socialmedia.com/post/492,Great product! #HKVitals,51383,4611,493
493,443,Twitter,2025-05-15,https://socialmedia.com/post/493,Great product! #MuscleBlaze,10837,3526,459
494,319,YouTube,2025-06-20,https://socialmedia.com/post/494,Great product! #MB,53151,354,532
495,589,Twitter,2025-05-13,https://socialmedia.com/post/495,Great product! #MuscleBlaze,37824,3923,880
496,504,YouTube,2025-05-19,https://socialmedia.com/post/496,Great product! #MuscleBlaze,34073,1976,363
497,686,YouTube,2025-06-18,https://socialmedia.com/post/497,Great product! #MB,98624,2857,995
498,387,YouTube,2025-05-06,https://socialmedia.com/post/498,Great product! #HKVitals,94648,2724,667
499,970,YouTube,2025-06-17,https://socialmedia.com/post/499,Great product! #MB,27299,4221,606
500,870,Instagram,2025-06-25,https://socialmedia.com/post/500,Great product! #HKVitals,59861,3104,109
501,833,YouTube,2025-05-12,https://socialmedia.com/post/501,Great product! #MuscleBlaze,31063,4616,625
502,888,YouTube,2025-06-20,https://socialmedia.com/post/502,Great product! #Gritzo,70453,3834,957
503,603,Twitter,2025-06-06,https://socialmedia.com/post/503,Great product! #MB,69472,1344,567
504,750,Twitter,2025-05-17,https://socialmedia.com/post/504,Great product! #Gritzo,15506,1108,565
505,776,Instagram,2025-06-27,https://socialmedia.com/post/505,Great product! #HKVitals,95341,4414,287
506,691,Twitter,2025-05-23,https://socialmedia.com/post/506,Great product! #MB,80854,1610,702
507,494,YouTube,2025-05-26,https://socialmedia.com/post/507,Great product! #Gritzo,27026,2059,708
508,490,Twitter,2025-05-29,https://socialmedia.com/post/508,Great product! #Gritzo,28672,2608,999
509,721,Instagram,2025-06-02,https://socialmedia.com/post/509,Great product! #MB,39417,4858,635
510,73,Twitter,2025-06-29,https://socialmedia.com/post/510,Great product! #Gritzo,53413,2782,500
511,509,Twitter,2025-05-27,https://socialmedia.com/post/511,Great product! #MB,66066,1089,264
512,390,Instagram,2025-05-25,https://socialmedia.com/post/512,Great product! #Gritzo,60213,4384,390
513,619,Instagram,2025-06-25,https://socialmedia.com/post/513,Great product! #MuscleBlaze,51971,354,901
514,857,YouTube,2025-06-24,https://socialmedia.com/post/514,Great product! #MB,28281,4263,551
515,295,Twitter,2025-05-10,https://socialmedia.com/post/515,Great product! #MuscleBlaze,29091,4811,273
516,369,YouTube,2025-06-16,https://socialmedia.com/post/516,Great product! #MuscleBlaze,51494,4552,619
517,956,Twitter,2025-05-23,https://socialmedia.com/post/517,Great product! #Gritzo,19610,355,834
518,796,Twitter,2025-05-21,https://socialmedia.com/post/518,Great product! #HKVitals,2079,1107,888
519,865,YouTube,2025-05-21,https://socialmedia.com/post/519,Great product! #MuscleBlaze,96386,1855,338
520,694,Twitter,2025-06-12,https://socialmedia.com/post/520,Great product! #MuscleBlaze,47751,2671,124
521,549,Twitter,2025-05-13,https://socialmedia.com/post/521,Great product! #MuscleBlaze,87126,4008,285
522,649,Twitter,2025-06-06,https://socialmedia.com/post/522,Great product! #HKVitals,56432,3097,497
523,850,Instagram,2025-06-02,https://socialmedia.com/post/523,Great product! #HKVitals,31951,2903,290
524,568,YouTube,2025-05-24,https://socialmedia.com/post/524,Great product! #MuscleBlaze,81863,3865,284
525,187,Instagram,2025-06-13,https://socialmedia.com/post/525,Great product! #HKVitals,79291,4479,782
526,853,YouTube,2025-05-11,https://socialmedia.com/post/526,Great product! #HKVitals,60872,3483,852
527,770,YouTube,2025-05-17,https://socialmedia.com/post/527,Great product! #HKVitals,8235,198,728
528,445,Twitter,2025-05-04,https://socialmedia.com/post/528,Great product! #MB,83733,296,905
529,570,YouTube,2025-06-16,https://socialmedia.com/post/529,Great product! #MuscleBlaze,63712,2629,337
530,363,Instagram,2025-05-25,https://socialmedia.com/post/530,Great product! #HKVitals,22473,977,220
531,123,Instagram,2025-05-30,https://socialmedia.com/post/531,Great product! #MB,68567,1968,736
532,188,Instagram,2025-05-09,https://socialmedia.com/post/532,Great product! #Gritzo,80823,2765,932
533,742,YouTube,2025-05-21,https://socialmedia.com/post/533,Great product! #Gritzo,33230,1488,561
534,680,Instagram,2025-05-20,https://socialmedia.com/post/534,Great product! #HKVitals,85573,2515,35
535,420,YouTube,2025-05-19,https://socialmedia.com/post/535,Great product! #MuscleBlaze,93588,669,36
536,626,Instagram,2025-05-19,https://socialmedia.com/post/536,Great product! #HKVitals,69876,2737,711
537,252,Instagram,2025-05-12,https://socialmedia.com/post/537,Great product! #Gritzo,41644,1165,92
538,619,YouTube,2025-06-06,https://socialmedia.com/post/538,Great product! #MuscleBlaze,49664,521,905
539,549,Instagram,2025-06-11,https://socialmedia.com/post/539,Great product! #MuscleBlaze,46203,2983,955
540,335,Twitter,2025-05-17,https://socialmedia.com/post/540,Great product! #Gritzo,67677,1304,691
541,92,YouTube,2025-06-06,https://socialmedia.com/post/541,Great product! #MB,26425,644,422
542,530,YouTube,2025-06-23,https://socialmedia.com/post/542,Great product! #MB,85817,4266,176
543,866,YouTube,2025-06-17,https://socialmedia.com/post/543,Great product! #HKVitals,86961,3739,709
544,63,Twitter,2025-06-08,https://socialmedia.com/post/544,Great product! #MuscleBlaze,98649,1323,178
545,662,YouTube,2025-05-28,https://socialmedia.com/post/545,Great product! #HKVitals,70806,3272,810
546,512,Instagram,2025-06-10,https://socialmedia.com/post/546,Great product! #MuscleBlaze,43814,867,988
547,139,Instagram,2025-06-04,https://socialmedia.com/post/547,Great product! #Gritzo,71219,3757,238
548,698,Instagram,2025-06-16,https://socialmedia.com/post/548,Great product! #MuscleBlaze,50646,754,988
549,185,YouTube,2025-06-17,https://socialmedia.com/post/549,Great product! #MuscleBlaze,40884,2546,618
550,205,Instagram,2025-05-18,https://socialmedia.com/post/550,Great product! #Gritzo,96345,320,376
551,772,YouTube,2025-05-14,https://socialmedia.com/post/551,Great product! #MB,70322,3766,537
552,214,Instagram,2025-06-04,https://socialmedia.com/post/552,Great product! #Gritzo,22650,4377,800
553,256,Twitter,2025-06-13,https://socialmedia.com/post/553,Great product! #MuscleBlaze,95242,4502,656
554,135,Twitter,2025-06-10,https://socialmedia.com/post/554,Great product! #Gritzo,10190,2669,547
555,573,Twitter,2025-06-29,https://socialmedia.com/post/555,Great product! #MuscleBlaze,39196,1113,873
556,875,Twitter,2025-05-07,https://socialmedia.com/post/556,Great product! #MB,40449,2151,533
557,822,YouTube,2025-06-10,https://socialmedia.com/post/557,Great product! #MB,40661,4085,81
558,88,Instagram,2025-05-13,https://socialmedia.com/post/558,Great product! #MuscleBlaze,30709,4999,654
559,836,Twitter,2025-05-18,https://socialmedia.com/post/559,Great product! #MB,81428,4410,115
560,988,YouTube,2025-06-06,https://socialmedia.com/post/560,Great product! #Gritzo,76179,3119,741
561,207,Twitter,2025-05-13,https://socialmedia.com/post/561,Great product! #MB,10943,3781,894
562,129,Twitter,2025-06-05,https://socialmedia.com/post/562,Great product! #HKVitals,44240,1543,974
563,823,YouTube,2025-05-31,https://socialmedia.com/post/563,Great product! #MB,46760,4296,698
564,3,YouTube,2025-05-02,https://socialmedia.com/post/564,Great product! #HKVitals,22042,3110,291
565,974,Instagram,2025-05-16,https://socialmedia.com/post/565,Great product! #Gritzo,44894,672,142
566,934,Instagram,2025-05-09,https://socialmedia.com/post/566,Great product! #MB,7869,1432,543
567,754,Twitter,2025-05-09,https://socialmedia.com/post/567,Great product! #MB,62078,4853,984
568,121,Twitter,2025-06-07,https://socialmedia.com/post/568,Great product! #MB,57759,4102,278
569,385,Instagram,2025-05-11,https://socialmedia.com/post/569,Great product! #Gritzo,45306,3234,421
570,614,Instagram,2025-06-23,https://socialmedia.com/post/570,Great product! #Gritzo,56371,4186,682
571,38,YouTube,2025-06-25,https://socialmedia.com/post/571,Great product! #HKVitals,21918,325,628
572,341,Instagram,2025-05-22,https://socialmedia.com/post/572,Great product! #MuscleBlaze,29379,4300,800
573,925,Instagram,2025-06-02,https://socialmedia.com/post/573,Great product! #Gritzo,91810,2097,874
574,645,Twitter,2025-06-05,https://socialmedia.com/post/574,Great product! #MB,84232,871,756
575,714,Instagram,2025-06-14,https://socialmedia.com/post/575,Great product! #HKVitals,3962,4624,27
576,860,Twitter,2025-05-23,https://socialmedia.com/post/576,Great product! #MB,14851,533,763
577,21,Instagram,2025-06-14,https://socialmedia.com/post/577,Great product! #MB,46747,3199,126
578,242,YouTube,2025-06-14,https://socialmedia.com/post/578,Great product! #Gritzo,53349,2829,807
579,455,Instagram,2025-06-03,https://socialmedia.com/post/579,Great product! #MuscleBlaze,71832,3507,803
580,963,Instagram,2025-05-09,https://socialmedia.com/post/580,Great product! #MB,57356,3240,153
581,621,Instagram,2025-05-24,https://socialmedia.com/post/581,Great product! #Gritzo,15745,965,726
582,303,Twitter,2025-05-08,https://socialmedia.com/post/582,Great product! #HKVitals,6730,2893,560
583,596,YouTube,2025-05-07,https://socialmedia.com/post/583,Great product! #MB,14921,3011,938
584,595,Instagram,2025-06-05,https://socialmedia.com/post/584,Great product! #HKVitals,99430,2515,675
585,803,Twitter,2025-05-18,https://socialmedia.com/post/585,Great product! #Gritzo,72138,350,697
586,964,YouTube,2025-05-03,https://socialmedia.com/post/586,Great product! #Gritzo,84111,3857,970
587,69,Twitter,2025-05-28,https://socialmedia.com/post/587,Great product! #Gritzo,20023,4756,762
588,129,Twitter,2025-05-06,https://socialmedia.com/post/588,Great product! #Gritzo,46349,1018,431
589,196,YouTube,2025-06-13,https://socialmedia.com/post/589,Great product! #Gritzo,82533,1273,907
590,140,Instagram,2025-06-13,https://socialmedia.com/post/590,Great product! #MuscleBlaze,84286,3303,378
591,444,Twitter,2025-05-21,https://socialmedia.com/post/591,Great product! #HKVitals,42979,532,655
592,283,Twitter,2025-05-28,https://socialmedia.com/post/592,Great product! #MuscleBlaze,23837,935,567
593,312,Instagram,2025-06-09,https://socialmedia.com/post/593,Great product! #HKVitals,15997,2346,59
594,746,Instagram,2025-06-23,https://socialmedia.com/post/594,Great product! #MB,89603,2362,687
595,535,YouTube,2025-06-23,https://socialmedia.com/post/595,Great product! #MB,46039,997,115
596,665,YouTube,2025-05-01,https://socialmedia.com/post/596,Great product! #HKVitals,21923,3732,225
597,277,YouTube,2025-06-05,https://socialmedia.com/post/597,Great product! #MB,9876,4667,667
598,61,Instagram,2025-05-21,https://socialmedia.com/post/598,Great product! #MB,61973,3915,932
599,319,Twitter,2025-06-29,https://socialmedia.com/post/599,Great product! #MB,3887,346,434
600,890,Twitter,2025-06-12,https://socialmedia.com/post/600,Great product! #MuscleBlaze,64723,2529,81
601,52,YouTube,2025-06-04,https://socialmedia.com/post/601,Great product! #MuscleBlaze,43422,1090,997
602,856,Instagram,2025-05-13,https://socialmedia.com/post/602,Great product! #Gritzo,52413,3410,851
603,153,Twitter,2025-06-26,https://socialmedia.com/post/603,Great product! #HKVitals,3841,1026,794
604,749,YouTube,2025-06-18,https://socialmedia.com/post/604,Great product! #MB,29756,3538,768
605,311,Twitter,2025-06-23,https://socialmedia.com/post/605,Great product! #HKVitals,72576,2707,455
606,814,Twitter,2025-06-23,https://socialmedia.com/post/606,Great product! #Gritzo,11304,1174,934
607,544,Instagram,2025-05-10,https://socialmedia.com/post/607,Great product! #Gritzo,31341,4122,195
608,567,Instagram,2025-06-22,https://socialmedia.com/post/608,Great product! #MB,5758,3899,79
609,864,Twitter,2025-06-13,https://socialmedia.com/post/609,Great product! #Gritzo,18010,4884,983
610,389,YouTube,2025-06-16,https://socialmedia.com/post/610,Great product! #MB,61758,3251,159
611,548,Instagram,2025-06-22,https://socialmedia.com/post/611,Great product! #Gritzo,32658,3538,255
612,622,Twitter,2025-05-10,https://socialmedia.com/post/612,Great product! #Gritzo,50002,4673,783
613,177,Instagram,2025-06-15,https://socialmedia.com/post/613,Great product! #MB,2375,3591,547
614,362,Instagram,2025-05-13,https://socialmedia.com/post/614,Great product! #Gritzo,23092,806,944
615,314,Instagram,2025-06-06,https://socialmedia.com/post/615,Great product! #Gritzo,1490,3164,661
616,807,Twitter,2025-06-07,https://socialmedia.com/post/616,Great product! #Gritzo,4729,853,108
617,848,YouTube,2025-05-24,https://socialmedia.com/post/617,Great product! #HKVitals,6974,687,919
618,97,YouTube,2025-05-02,https://socialmedia.com/post/618,Great product! #MuscleBlaze,86216,1434,287
619,881,YouTube,2025-05-22,https://socialmedia.com/post/619,Great product! #HKVitals,84860,1947,572
620,213,Instagram,2025-05-17,https://socialmedia.com/post/620,Great product! #Gritzo,97870,4034,672
621,829,Twitter,2025-06-05,https://socialmedia.com/post/621,Great product! #MuscleBlaze,22398,4026,953
622,137,Instagram,2025-05-14,https://socialmedia.com/post/622,Great product! #HKVitals,35650,3417,464
623,6,YouTube,2025-05-10,https://socialmedia.com/post/623,Great product! #HKVitals,22292,4120,113
624,109,YouTube,2025-06-04,https://socialmedia.com/post/624,Great product! #HKVitals,4159,3255,955
625,547,Twitter,2025-05-25,https://socialmedia.com/post/625,Great product! #MB,99162,4402,610
626,39,Instagram,2025-05-03,https://socialmedia.com/post/626,Great product! #Gritzo,63766,2298,662
627,662,YouTube,2025-06-16,https://socialmedia.com/post/627,Great product! #Gritzo,95887,264,734
628,425,Twitter,2025-06-07,https://socialmedia.com/post/628,Great product! #MuscleBlaze,18065,2098,242
629,630,Instagram,2025-05-17,https://socialmedia.com/post/629,Great product! #HKVitals,22638,3157,403
630,261,Instagram,2025-05-12,https://socialmedia.com/post/630,Great product! #Gritzo,2073,2184,510
631,426,YouTube,2025-06-23,https://socialmedia.com/post/631,Great product! #HKVitals,47511,4528,704
632,87,YouTube,2025-06-21,https://socialmedia.com/post/632,Great product! #Gritzo,85307,502,260
633,465,Instagram,2025-05-24,https://socialmedia.com/post/633,Great product! #HKVitals,30320,513,530
634,76,Instagram,2025-05-29,https://socialmedia.com/post/634,Great product! #Gritzo,70876,144,88
635,471,YouTube,2025-06-12,https://socialmedia.com/post/635,Great product! #MuscleBlaze,35924,4257,61
636,976,Instagram,2025-05-25,https://socialmedia.com/post/636,Great product! #HKVitals,82720,2567,907
637,963,YouTube,2025-06-05,https://socialmedia.com/post/637,Great product! #Gritzo,41734,967,930
638,414,Instagram,2025-06-27,https://socialmedia.com/post/638,Great product! #MuscleBlaze,69116,118,790
639,825,YouTube,2025-06-29,https://socialmedia.com/post/639,Great product! #MuscleBlaze,41025,464,235
640,895,Twitter,2025-05-26,https://socialmedia.com/post/640,Great product! #Gritzo,95503,3932,60
641,726,YouTube,2025-06-07,https://socialmedia.com/post/641,Great product! #HKVitals,3159,679,195
642,457,YouTube,2025-05-01,https://socialmedia.com/post/642,Great product! #MB,49940,645,43
643,285,Twitter,2025-05-20,https://socialmedia.com/post/643,Great product! #MuscleBlaze,80436,4250,812
644,239,Instagram,2025-06-24,https://socialmedia.com/post/644,Great product! #MuscleBlaze,77976,4973,751
645,677,Twitter,2025-05-28,https://socialmedia.com/post/645,Great product! #Gritzo,15678,3139,140
646,599,YouTube,2025-05-16,https://socialmedia.com/post/646,Great product! #MB,62075,4237,641
647,653,Instagram,2025-06-16,https://socialmedia.com/post/647,Great product! #MB,48204,4144,452
648,672,Twitter,2025-05-17,https://socialmedia.com/post/648,Great product! #MB,13021,4426,847
649,558,Instagram,2025-06-09,https://socialmedia.com/post/649,Great product! #Gritzo,7772,552,768
650,372,Instagram,2025-05-28,https://socialmedia.com/post/650,Great product! #HKVitals,68163,4061,441
651,495,Twitter,2025-06-27,https://socialmedia.com/post/651,Great product! #MuscleBlaze,74755,1481,713
652,624,Instagram,2025-05-12,https://socialmedia.com/post/652,Great product! #Gritzo,24464,1567,506
653,919,Twitter,2025-05-27,https://socialmedia.com/post/653,Great product! #MB,52137,2838,412
654,45,YouTube,2025-06-23,https://socialmedia.com/post/654,Great product! #MuscleBlaze,31232,1316,332
655,401,Instagram,2025-06-22,https://socialmedia.com/post/655,Great product! #MuscleBlaze,62497,980,219
656,247,YouTube,2025-06-11,https://socialmedia.com/post/656,Great product! #MB,75024,3914,624
657,616,YouTube,2025-06-28,https://socialmedia.com/post/657,Great product! #MB,52448,3249,338
658,597,Instagram,2025-06-16,https://socialmedia.com/post/658,Great product! #MuscleBlaze,85517,184,381
659,450,Twitter,2025-05-30,https://socialmedia.com/post/659,Great product! #MuscleBlaze,1901,4244,469
660,485,Instagram,2025-06-10,https://socialmedia.com/post/660,Great product! #HKVitals,88980,1268,142
661,646,YouTube,2025-06-03,https://socialmedia.com/post/661,Great product! #HKVitals,84597,4264,844
662,620,YouTube,2025-06-06,https://socialmedia.com/post/662,Great product! #Gritzo,3881,3229,660
663,18,Twitter,2025-05-06,https://socialmedia.com/post/663,Great product! #MuscleBlaze,30863,3745,130
664,606,Instagram,2025-05-07,https://socialmedia.com/post/664,Great product! #HKVitals,6622,2626,615
665,662,YouTube,2025-06-01,https://socialmedia.com/post/665,Great product! #MuscleBlaze,2378,2967,461
666,758,YouTube,2025-06-01,https://socialmedia.com/post/666,Great product! #MB,84168,3616,974
667,289,YouTube,2025-06-22,https://socialmedia.com/post/667,Great product! #HKVitals,94847,3467,138
668,414,Twitter,2025-05-25,https://socialmedia.com/post/668,Great product! #MB,72186,2294,100
669,721,YouTube,2025-06-02,https://socialmedia.com/post/669,Great product! #MB,46201,3655,613
670,638,YouTube,2025-06-24,https://socialmedia.com/post/670,Great product! #MB,60251,545,584
671,235,Instagram,2025-06-27,https://socialmedia.com/post/671,Great product! #Gritzo,73572,3726,38
672,416,Instagram,2025-05-07,https://socialmedia.com/post/672,Great product! #MB,40255,4116,731
673,938,YouTube,2025-06-21,https://socialmedia.com/post/673,Great product! #Gritzo,64212,3975,533
674,499,YouTube,2025-06-26,https://socialmedia.com/post/674,Great product! #MuscleBlaze,51210,3437,342
675,974,Instagram,2025-05-12,https://socialmedia.com/post/675,Great product! #MuscleBlaze,23499,361,306
676,634,Twitter,2025-05-16,https://socialmedia.com/post/676,Great product! #HKVitals,52628,1948,139
677,650,Twitter,2025-05-16,https://socialmedia.com/post/677,Great product! #HKVitals,62360,4125,302
678,115,Twitter,2025-06-12,https://socialmedia.com/post/678,Great product! #Gritzo,5603,2366,182
679,932,Twitter,2025-06-22,https://socialmedia.com/post/679,Great product! #MuscleBlaze,94309,191,729
680,674,Twitter,2025-06-05,https://socialmedia.com/post/680,Great product! #HKVitals,86473,4322,953
681,713,Twitter,2025-05-13,https://socialmedia.com/post/681,Great product! #HKVitals,13632,4275,33
682,234,Twitter,2025-05-07,https://socialmedia.com/post/682,Great product! #HKVitals,31607,3409,108
683,540,Twitter,2025-06-05,https://socialmedia.com/post/683,Great product! #MuscleBlaze,92873,1082,415
684,11,Instagram,2025-06-16,https://socialmedia.com/post/684,Great product! #HKVitals,66756,3543,365
685,206,Twitter,2025-06-20,https://socialmedia.com/post/685,Great product! #MuscleBlaze,47994,2633,148
686,679,Twitter,2025-05-09,https://socialmedia.com/post/686,Great product! #MB,64382,793,512
687,247,Twitter,2025-06-01,https://socialmedia.com/post/687,Great product! #MB,71354,4220,835
688,559,YouTube,2025-05-11,https://socialmedia.com/post/688,Great product! #MB,57344,255,183
689,758,Instagram,2025-05-08,https://socialmedia.com/post/689,Great product! #Gritzo,54775,3688,38
690,127,Instagram,2025-06-02,https://socialmedia.com/post/690,Great product! #MuscleBlaze,8349,1912,940
691,147,Instagram,2025-05-23,https://socialmedia.com/post/691,Great product! #HKVitals,72154,4214,505
692,118,Twitter,2025-05-25,https://socialmedia.com/post/692,Great product! #Gritzo,28464,1507,664
693,911,Twitter,2025-06-25,https://socialmedia.com/post/693,Great product! #Gritzo,43624,1316,837
694,382,YouTube,2025-05-08,https://socialmedia.com/post/694,Great product! #MB,38344,1510,360
695,412,Instagram,2025-06-14,https://socialmedia.com/post/695,Great product! #MuscleBlaze,84791,3597,563
696,664,Twitter,2025-05-22,https://socialmedia.com/post/696,Great product! #HKVitals,25299,4472,308
697,584,Instagram,2025-06-28,https://socialmedia.com/post/697,Great product! #Gritzo,48975,4940,729
698,363,YouTube,2025-05-04,https://socialmedia.com/post/698,Great product! #HKVitals,2462,651,851
699,509,YouTube,2025-06-09,https://socialmedia.com/post/699,Great product! #MB,82441,3494,954
700,137,YouTube,2025-05-03,https://socialmedia.com/post/700,Great product! #MuscleBlaze,91456,1276,201
701,175,Instagram,2025-05-29,https://socialmedia.com/post/701,Great product! #HKVitals,82788,4834,681
702,289,Twitter,2025-06-10,https://socialmedia.com/post/702,Great product! #HKVitals,41581,4432,73
703,958,Twitter,2025-05-29,https://socialmedia.com/post/703,Great product! #Gritzo,72289,1097,764
704,481,YouTube,2025-06-03,https://socialmedia.com/post/704,Great product! #HKVitals,15175,4176,779
705,19,Twitter,2025-06-03,https://socialmedia.com/post/705,Great product! #MuscleBlaze,7191,2831,673
706,195,YouTube,2025-05-28,https://socialmedia.com/post/706,Great product! #MuscleBlaze,84434,4037,224
707,330,Instagram,2025-05-13,https://socialmedia.com/post/707,Great product! #HKVitals,85518,4152,843
708,936,YouTube,2025-05-15,https://socialmedia.com/post/708,Great product! #Gritzo,81158,472,175
709,175,Instagram,2025-06-29,https://socialmedia.com/post/709,Great product! #Gritzo,67537,2348,552
710,449,YouTube,2025-05-23,https://socialmedia.com/post/710,Great product! #MB,48645,948,892
711,925,Twitter,2025-06-13,https://socialmedia.com/post/711,Great product! #MuscleBlaze,24283,2656,241
712,946,Twitter,2025-05-26,https://socialmedia.com/post/712,Great product! #MB,87971,2422,803
713,354,YouTube,2025-05-04,https://socialmedia.com/post/713,Great product! #Gritzo,93759,603,550
714,499,Twitter,2025-05-26,https://socialmedia.com/post/714,Great product! #MB,60123,3289,204
715,141,Twitter,2025-06-09,https://socialmedia.com/post/715,Great product! #Gritzo,31024,802,515
716,758,Twitter,2025-05-09,https://socialmedia.com/post/716,Great product! #MB,50630,3725,343
717,897,Instagram,2025-06-24,https://socialmedia.com/post/717,Great product! #MB,31734,414,777
718,930,Twitter,2025-05-05,https://socialmedia.com/post/718,Great product! #MuscleBlaze,1515,2476,802
719,93,Instagram,2025-06-25,https://socialmedia.com/post/719,Great product! #MuscleBlaze,67727,1140,313
720,944,YouTube,2025-06-01,https://socialmedia.com/post/720,Great product! #MB,98800,4478,842
721,239,Twitter,2025-05-20,https://socialmedia.com/post/721,Great product! #Gritzo,47216,3090,446
722,205,Twitter,2025-06-19,https://socialmedia.com/post/722,Great product! #Gritzo,72833,357,332
723,560,Twitter,2025-05-11,https://socialmedia.com/post/723,Great product! #MuscleBlaze,59755,674,511
724,433,YouTube,2025-05-15,https://socialmedia.com/post/724,Great product! #MuscleBlaze,28856,4769,867
725,245,Instagram,2025-06-01,https://socialmedia.com/post/725,Great product! #HKVitals,74870,1652,923
726,832,Instagram,2025-05-28,https://socialmedia.com/post/726,Great product! #MuscleBlaze,25162,4618,402
727,317,Twitter,2025-05-22,https://socialmedia.com/post/727,Great product! #Gritzo,7008,857,815
728,925,YouTube,2025-06-10,https://socialmedia.com/post/728,Great product! #MuscleBlaze,8987,2910,608
729,295,YouTube,2025-05-17,https://socialmedia.com/post/729,Great product! #HKVitals,63532,1204,158
730,640,YouTube,2025-06-28,https://socialmedia.com/post/730,Great product! #MB,97502,4624,770
731,856,YouTube,2025-05-26,https://socialmedia.com/post/731,Great product! #MB,4332,3559,842
732,282,YouTube,2025-06-13,https://socialmedia.com/post/732,Great product! #Gritzo,67323,4092,414
733,17,Instagram,2025-05-07,https://socialmedia.com/post/733,Great product! #HKVitals,39990,303,292
734,71,Instagram,2025-06-11,https://socialmedia.com/post/734,Great product! #MB,10873,2875,371
735,269,Instagram,2025-06-26,https://socialmedia.com/post/735,Great product! #MB,83542,2432,388
736,325,Twitter,2025-05-26,https://socialmedia.com/post/736,Great product! #MuscleBlaze,86761,2092,207
737,794,YouTube,2025-05-25,https://socialmedia.com/post/737,Great product! #MB,37444,2343,565
738,305,Twitter,2025-05-10,https://socialmedia.com/post/738,Great product! #Gritzo,36340,406,365
739,451,YouTube,2025-06-28,https://socialmedia.com/post/739,Great product! #MB,6033,1787,549
740,7,Instagram,2025-06-14,https://socialmedia.com/post/740,Great product! #Gritzo,74324,4209,438
741,314,Twitter,2025-05-19,https://socialmedia.com/post/741,Great product! #Gritzo,16689,1960,26
742,817,Instagram,2025-05-11,https://socialmedia.com/post/742,Great product! #MuscleBlaze,88134,2061,648
743,103,YouTube,2025-05-13,https://socialmedia.com/post/743,Great product! #HKVitals,96239,822,388
744,821,YouTube,2025-06-22,https://socialmedia.com/post/744,Great product! #Gritzo,1066,879,689
745,193,YouTube,2025-05-08,https://socialmedia.com/post/745,Great product! #MB,46246,628,515
746,753,Instagram,2025-06-09,https://socialmedia.com/post/746,Great product! #MB,8533,4993,765
747,574,YouTube,2025-05-04,https://socialmedia.com/post/747,Great product! #Gritzo,81639,443,908
748,529,Instagram,2025-06-16,https://socialmedia.com/post/748,Great product! #MB,71152,3886,85
749,171,Twitter,2025-05-31,https://socialmedia.com/post/749,Great product! #MuscleBlaze,60658,3782,240
750,537,YouTube,2025-05-28,https://socialmedia.com/post/750,Great product! #MB,39498,308,725
751,251,YouTube,2025-05-11,https://socialmedia.com/post/751,Great product! #MuscleBlaze,12772,4836,971
752,765,YouTube,2025-06-12,https://socialmedia.com/post/752,Great product! #Gritzo,90385,3506,257
753,387,Twitter,2025-05-01,https://socialmedia.com/post/753,Great product! #Gritzo,50036,1411,311
754,207,YouTube,2025-06-18,https://socialmedia.com/post/754,Great product! #Gritzo,59531,2399,735
755,541,Instagram,2025-06-16,https://socialmedia.com/post/755,Great product! #MuscleBlaze,13940,3436,224
756,629,Instagram,2025-06-21,https://socialmedia.com/post/756,Great product! #MB,17932,2047,167
757,416,YouTube,2025-06-07,https://socialmedia.com/post/757,Great product! #MuscleBlaze,96305,1019,78
758,794,YouTube,2025-05-24,https://socialmedia.com/post/758,Great product! #MB,57827,2144,402
759,380,Twitter,2025-06-23,https://socialmedia.com/post/759,Great product! #MB,62431,518,94
760,144,Twitter,2025-06-29,https://socialmedia.com/post/760,Great product! #MuscleBlaze,25648,1849,276
761,25,Twitter,2025-06-26,https://socialmedia.com/post/761,Great product! #HKVitals,33966,2942,78
762,822,YouTube,2025-06-16,https://socialmedia.com/post/762,Great product! #Gritzo,28777,1199,620
763,668,Twitter,2025-05-31,https://socialmedia.com/post/763,Great product! #MB,33567,3492,356
764,73,Twitter,2025-06-10,https://socialmedia.com/post/764,Great product! #MB,18174,2872,971
765,632,Instagram,2025-06-15,https://socialmedia.com/post/765,Great product! #MuscleBlaze,43598,2580,737
766,824,Twitter,2025-06-19,https://socialmedia.com/post/766,Great product! #HKVitals,60199,1645,936
767,833,Instagram,2025-05-26,https://socialmedia.com/post/767,Great product! #Gritzo,14798,1170,682
768,93,Instagram,2025-06-18,https://socialmedia.com/post/768,Great product! #HKVitals,66364,1950,432
769,505,Twitter,2025-06-19,https://socialmedia.com/post/769,Great product! #Gritzo,18558,4298,615
770,598,Instagram,2025-05-05,https://socialmedia.com/post/770,Great product! #MB,62084,3039,183
771,336,YouTube,2025-05-20,https://socialmedia.com/post/771,Great product! #MB,45237,2003,686
772,425,YouTube,2025-06-21,https://socialmedia.com/post/772,Great product! #MuscleBlaze,66497,778,124
773,499,Twitter,2025-06-10,https://socialmedia.com/post/773,Great product! #MuscleBlaze,1178,1088,229
774,364,YouTube,2025-05-11,https://socialmedia.com/post/774,Great product! #HKVitals,87006,2575,965
775,947,Instagram,2025-06-25,https://socialmedia.com/post/775,Great product! #HKVitals,18118,1707,40
776,630,YouTube,2025-06-23,https://socialmedia.com/post/776,Great product! #Gritzo,23616,2969,532
777,745,Twitter,2025-06-02,https://socialmedia.com/post/777,Great product! #MuscleBlaze,1798,1602,352
778,199,Twitter,2025-06-19,https://socialmedia.com/post/778,Great product! #MB,8601,1889,386
779,718,Instagram,2025-06-07,https://socialmedia.com/post/779,Great product! #MuscleBlaze,26363,1525,139
780,413,Twitter,2025-05-27,https://socialmedia.com/post/780,Great product! #HKVitals,3795,2540,626
781,339,YouTube,2025-06-03,https://socialmedia.com/post/781,Great product! #MuscleBlaze,98462,2142,548
782,659,Twitter,2025-05-15,https://socialmedia.com/post/782,Great product! #MB,46264,1378,748
783,962,Instagram,2025-06-01,https://socialmedia.com/post/783,Great product! #MuscleBlaze,73833,2694,11
784,937,Twitter,2025-06-27,https://socialmedia.com/post/784,Great product! #HKVitals,4084,4789,880
785,429,YouTube,2025-05-21,https://socialmedia.com/post/785,Great product! #MB,96865,2536,110
786,783,Instagram,2025-06-15,https://socialmedia.com/post/786,Great product! #Gritzo,77646,3903,542
787,899,YouTube,2025-05-05,https://socialmedia.com/post/787,Great product! #Gritzo,1731,2305,67
788,139,Instagram,2025-05-06,https://socialmedia.com/post/788,Great product! #MB,2129,1127,398
789,693,Twitter,2025-06-07,https://socialmedia.com/post/789,Great product! #MB,29022,3639,701
790,942,Instagram,2025-05-22,https://socialmedia.com/post/790,Great product! #MB,2605,3583,950
791,542,Instagram,2025-05-18,https://socialmedia.com/post/791,Great product! #HKVitals,78506,2341,350
792,57,Twitter,2025-05-14,https://socialmedia.com/post/792,Great product! #MB,45130,2865,870
793,232,YouTube,2025-05-10,https://socialmedia.com/post/793,Great product! #HKVitals,30265,1273,29
794,658,Twitter,2025-06-15,https://socialmedia.com/post/794,Great product! #MB,33330,3330,264
795,435,Instagram,2025-05-13,https://socialmedia.com/post/795,Great product! #HKVitals,69469,3450,326
796,384,Twitter,2025-05-31,https://socialmedia.com/post/796,Great product! #HKVitals,16187,503,47
797,560,Instagram,2025-05-30,https://socialmedia.com/post/797,Great product! #MuscleBlaze,26791,2825,669
798,194,Twitter,2025-05-03,https://socialmedia.com/post/798,Great product! #Gritzo,91436,3482,546
799,736,Twitter,2025-05-30,https://socialmedia.com/post/799,Great product! #MB,71610,4263,395
800,648,YouTube,2025-05-06,https://socialmedia.com/post/800,Great product! #Gritzo,92962,187,642
801,534,Instagram,2025-05-29,https://socialmedia.com/post/801,Great product! #Gritzo,40867,1258,937
802,518,YouTube,2025-05-08,https://socialmedia.com/post/802,Great product! #MuscleBlaze,1893,4373,35
803,716,Instagram,2025-06-13,https://socialmedia.com/post/803,Great product! #Gritzo,20773,2957,463
804,751,Twitter,2025-06-14,https://socialmedia.com/post/804,Great product! #Gritzo,5239,1481,690
805,185,Instagram,2025-06-12,https://socialmedia.com/post/805,Great product! #MB,21863,4781,332
806,872,YouTube,2025-06-13,https://socialmedia.com/post/806,Great product! #HKVitals,52415,2164,746
807,292,YouTube,2025-06-02,https://socialmedia.com/post/807,Great product! #MB,69968,2474,522
808,335,YouTube,2025-05-17,https://socialmedia.com/post/808,Great product! #MB,61430,417,828
809,732,Instagram,2025-06-17,https://socialmedia.com/post/809,Great product! #Gritzo,2515,1602,782
810,116,YouTube,2025-05-11,https://socialmedia.com/post/810,Great product! #Gritzo,98206,2142,22
811,825,YouTube,2025-05-13,https://socialmedia.com/post/811,Great product! #MB,15605,4698,924
812,49,YouTube,2025-06-19,https://socialmedia.com/post/812,Great product! #MB,57240,2122,917
813,685,Twitter,2025-05-11,https://socialmedia.com/post/813,Great product! #Gritzo,6586,218,569
814,82,Twitter,2025-05-31,https://socialmedia.com/post/814,Great product! #HKVitals,32186,809,930
815,834,Instagram,2025-05-28,https://socialmedia.com/post/815,Great product! #HKVitals,27928,3657,834
816,333,Instagram,2025-06-13,https://socialmedia.com/post/816,Great product! #MB,99264,4240,380
817,557,YouTube,2025-05-06,https://socialmedia.com/post/817,Great product! #HKVitals,84087,4509,300
818,335,Twitter,2025-06-10,https://socialmedia.com/post/818,Great product! #MB,88029,3350,341
819,532,YouTube,2025-05-16,https://socialmedia.com/post/819,Great product! #MuscleBlaze,21711,517,615
820,960,YouTube,2025-05-04,https://socialmedia.com/post/820,Great product! #Gritzo,55962,2703,270
821,221,Twitter,2025-06-04,https://socialmedia.com/post/821,Great product! #MB,21039,3954,799
822,635,Twitter,2025-06-29,https://socialmedia.com/post/822,Great product! #MB,37561,1201,880
823,746,Twitter,2025-06-17,https://socialmedia.com/post/823,Great product! #MB,76483,4521,214
824,733,Instagram,2025-06-25,https://socialmedia.com/post/824,Great product! #HKVitals,98871,3528,706
825,323,Instagram,2025-06-28,https://socialmedia.com/post/825,Great product! #MB,82395,2361,696
826,851,YouTube,2025-05-26,https://socialmedia.com/post/826,Great product! #MuscleBlaze,89658,4269,959
827,3,Instagram,2025-06-26,https://socialmedia.com/post/827,Great product! #HKVitals,2577,3734,396
828,694,Twitter,2025-05-12,https://socialmedia.com/post/828,Great product! #Gritzo,29350,608,901
829,206,Twitter,2025-05-11,https://socialmedia.com/post/829,Great product! #MuscleBlaze,34798,2479,830
830,832,Instagram,2025-06-06,https://socialmedia.com/post/830,Great product! #MB,98434,3264,477
831,40,YouTube,2025-05-25,https://socialmedia.com/post/831,Great product! #MuscleBlaze,82417,787,424
832,59,YouTube,2025-05-18,https://socialmedia.com/post/832,Great product! #MB,11785,4852,78
833,951,Instagram,2025-05-19,https://socialmedia.com/post/833,Great product! #MuscleBlaze,73227,1392,481
834,574,YouTube,2025-05-23,https://socialmedia.com/post/834,Great product! #HKVitals,62957,4005,113
835,644,YouTube,2025-06-24,https://socialmedia.com/post/835,Great product! #MB,66431,3175,767
836,507,YouTube,2025-06-07,https://socialmedia.com/post/836,Great product! #HKVitals,18297,3309,170
837,572,Twitter,2025-06-23,https://socialmedia.com/post/837,Great product! #MuscleBlaze,72894,424,209
838,884,Twitter,2025-05-18,https://socialmedia.com/post/838,Great product! #MB,64772,2093,225
839,843,Instagram,2025-05-26,https://socialmedia.com/post/839,Great product! #Gritzo,20581,4076,955
840,122,Twitter,2025-05-06,https://socialmedia.com/post/840,Great product! #Gritzo,56192,4912,221
841,479,YouTube,2025-05-04,https://socialmedia.com/post/841,Great product! #MB,2462,2870,517
842,619,Twitter,2025-06-13,https://socialmedia.com/post/842,Great product! #MuscleBlaze,65173,4472,25
843,96,Instagram,2025-06-20,https://socialmedia.com/post/843,Great product! #Gritzo,16511,2683,507
844,859,Twitter,2025-05-29,https://socialmedia.com/post/844,Great product! #MB,77106,3657,893
845,414,YouTube,2025-06-28,https://socialmedia.com/post/845,Great product! #Gritzo,49665,3687,341
846,235,YouTube,2025-06-03,https://socialmedia.com/post/846,Great product! #MB,45414,251,726
847,898,Instagram,2025-05-17,https://socialmedia.com/post/847,Great product! #MuscleBlaze,82010,1054,886
848,62,Twitter,2025-06-12,https://socialmedia.com/post/848,Great product! #MuscleBlaze,73573,4454,560
849,256,Twitter,2025-06-12,https://socialmedia.com/post/849,Great product! #HKVitals,94665,2471,610
850,561,Twitter,2025-06-22,https://socialmedia.com/post/850,Great product! #Gritzo,14386,1291,951
851,905,YouTube,2025-05-16,https://socialmedia.com/post/851,Great product! #HKVitals,55460,787,265
852,348,Instagram,2025-05-02,https://socialmedia.com/post/852,Great product! #MuscleBlaze,7221,409,775
853,671,Twitter,2025-06-03,https://socialmedia.com/post/853,Great product! #MB,24474,1602,737
854,124,YouTube,2025-06-24,https://socialmedia.com/post/854,Great product! #MuscleBlaze,22045,3227,889
855,482,YouTube,2025-05-08,https://socialmedia.com/post/855,Great product! #MuscleBlaze,92319,4668,824
856,317,YouTube,2025-05-13,https://socialmedia.com/post/856,Great product! #MB,5922,3467,181
857,504,Twitter,2025-06-11,https://socialmedia.com/post/857,Great product! #HKVitals,23706,3495,658
858,719,Twitter,2025-05-08,https://socialmedia.com/post/858,Great product! #Gritzo,43771,913,507
859,48,Twitter,2025-05-30,https://socialmedia.com/post/859,Great product! #MuscleBlaze,53335,945,480
860,409,Twitter,2025-06-01,https://socialmedia.com/post/860,Great product! #MuscleBlaze,99015,1264,393
861,932,Twitter,2025-06-05,https://socialmedia.com/post/861,Great product! #Gritzo,53949,4862,699
862,136,Twitter,2025-06-16,https://socialmedia.com/post/862,Great product! #MuscleBlaze,71714,1867,598
863,201,Twitter,2025-05-30,https://socialmedia.com/post/863,Great product! #Gritzo,96558,454,709
864,250,Twitter,2025-05-01,https://socialmedia.com/post/864,Great product! #Gritzo,16240,1972,516
865,314,Twitter,2025-06-12,https://socialmedia.com/post/865,Great product! #Gritzo,92756,2124,536
866,869,YouTube,2025-06-08,https://socialmedia.com/post/866,Great product! #MB,3716,2917,813
867,368,Twitter,2025-05-17,https://socialmedia.com/post/867,Great product! #HKVitals,17574,3932,840
868,429,Instagram,2025-06-28,https://socialmedia.com/post/868,Great product! #HKVitals,84255,4375,334
869,830,YouTube,2025-05-20,https://socialmedia.com/post/869,Great product! #MB,74717,165,223
870,807,Twitter,2025-05-24,https://socialmedia.com/post/870,Great product! #HKVitals,45066,4366,217
871,480,Instagram,2025-06-19,https://socialmedia.com/post/871,Great product! #HKVitals,62826,4190,178
872,314,Twitter,2025-05-22,https://socialmedia.com/post/872,Great product! #HKVitals,21213,2621,339
873,500,Instagram,2025-05-29,https://socialmedia.com/post/873,Great product! #MuscleBlaze,72916,2681,289
874,721,Instagram,2025-05-22,https://socialmedia.com/post/874,Great product! #MB,67151,1490,987
875,355,Instagram,2025-06-13,https://socialmedia.com/post/875,Great product! #HKVitals,51906,1230,314
876,485,Instagram,2025-05-09,https://socialmedia.com/post/876,Great product! #MB,1463,2586,155
877,211,YouTube,2025-06-06,https://socialmedia.com/post/877,Great product! #HKVitals,32973,934,784
878,704,YouTube,2025-05-10,https://socialmedia.com/post/878,Great product! #HKVitals,75694,326,525
879,44,Instagram,2025-06-05,https://socialmedia.com/post/879,Great product! #MB,21651,3615,99
880,541,Twitter,2025-06-06,https://socialmedia.com/post/880,Great product! #Gritzo,69694,4637,462
881,571,Instagram,2025-05-28,https://socialmedia.com/post/881,Great product! #MB,21008,2543,69
882,583,YouTube,2025-05-28,https://socialmedia.com/post/882,Great product! #Gritzo,71474,827,320
883,92,Twitter,2025-06-11,https://socialmedia.com/post/883,Great product! #MuscleBlaze,39185,3786,537
884,265,YouTube,2025-06-12,https://socialmedia.com/post/884,Great product! #MB,88924,3722,236
885,895,YouTube,2025-05-21,https://socialmedia.com/post/885,Great product! #Gritzo,75417,1136,483
886,220,Twitter,2025-05-24,https://socialmedia.com/post/886,Great product! #HKVitals,72139,1932,987
887,902,Instagram,2025-06-11,https://socialmedia.com/post/887,Great product! #MuscleBlaze,35980,2840,550
888,925,Instagram,2025-06-29,https://socialmedia.com/post/888,Great product! #MB,23504,592,672
889,442,Instagram,2025-06-09,https://socialmedia.com/post/889,Great product! #Gritzo,55970,1648,766
890,401,Instagram,2025-05-02,https://socialmedia.com/post/890,Great product! #Gritzo,17766,1243,791
891,400,Twitter,2025-06-24,https://socialmedia.com/post/891,Great product! #MB,94922,4057,88
892,727,Twitter,2025-05-08,https://socialmedia.com/post/892,Great product! #Gritzo,12695,3507,442
893,991,Twitter,2025-06-17,https://socialmedia.com/post/893,Great product! #MB,18796,739,810
894,899,YouTube,2025-05-27,https://socialmedia.com/post/894,Great product! #Gritzo,43543,272,162
895,789,Twitter,2025-05-22,https://socialmedia.com/post/895,Great product! #HKVitals,15559,4454,798
896,576,Instagram,2025-06-06,https://socialmedia.com/post/896,Great product! #MB,34139,4059,410
897,858,YouTube,2025-05-27,https://socialmedia.com/post/897,Great product! #MB,9802,616,288
898,804,Instagram,2025-06-26,https://socialmedia.com/post/898,Great product! #MuscleBlaze,74843,622,66
899,490,Instagram,2025-05-29,https://socialmedia.com/post/899,Great product! #HKVitals,41205,2017,986
900,485,Twitter,2025-05-03,https://socialmedia.com/post/900,Great product! #MB,99750,2986,195
901,757,Twitter,2025-06-13,https://socialmedia.com/post/901,Great product! #Gritzo,35159,2264,407
902,470,Instagram,2025-05-13,https://socialmedia.com/post/902,Great product! #Gritzo,12516,2029,614
903,574,Instagram,2025-06-14,https://socialmedia.com/post/903,Great product! #Gritzo,51492,4045,797
904,938,YouTube,2025-05-10,https://socialmedia.com/post/904,Great product! #MuscleBlaze,30086,2309,167
905,844,Twitter,2025-06-05,https://socialmedia.com/post/905,Great product! #MB,31480,3883,796
906,682,YouTube,2025-05-09,https://socialmedia.com/post/906,Great product! #Gritzo,53091,2690,702
907,445,YouTube,2025-06-23,https://socialmedia.com/post/907,Great product! #MuscleBlaze,48766,4176,368
908,269,YouTube,2025-06-25,https://socialmedia.com/post/908,Great product! #MuscleBlaze,39737,1193,449
909,267,Instagram,2025-06-24,https://socialmedia.com/post/909,Great product! #MB,10265,3980,598
910,54,YouTube,2025-05-27,https://socialmedia.com/post/910,Great product! #Gritzo,71990,2594,475
911,528,YouTube,2025-06-03,https://socialmedia.com/post/911,Great product! #HKVitals,92717,2679,672
912,520,Instagram,2025-06-20,https://socialmedia.com/post/912,Great product! #Gritzo,16386,2588,455
913,616,Twitter,2025-05-01,https://socialmedia.com/post/913,Great product! #HKVitals,38425,2885,759
914,59,Twitter,2025-06-01,https://socialmedia.com/post/914,Great product! #HKVitals,44254,2858,810
915,825,YouTube,2025-05-25,https://socialmedia.com/post/915,Great product! #Gritzo,90863,1674,752
916,40,Instagram,2025-05-29,https://socialmedia.com/post/916,Great product! #HKVitals,54634,2473,497
917,237,Twitter,2025-05-07,https://socialmedia.com/post/917,Great product! #MuscleBlaze,87717,4090,539
918,955,YouTube,2025-06-18,https://socialmedia.com/post/918,Great product! #MuscleBlaze,48662,4945,82
919,386,YouTube,2025-05-03,https://socialmedia.com/post/919,Great product! #Gritzo,87988,1193,938
920,606,Instagram,2025-05-20,https://socialmedia.com/post/920,Great product! #MB,88527,1289,937
921,734,YouTube,2025-05-20,https://socialmedia.com/post/921,Great product! #MuscleBlaze,76452,2789,710
922,716,Twitter,2025-06-22,https://socialmedia.com/post/922,Great product! #Gritzo,11143,4195,959
923,650,Instagram,2025-05-30,https://socialmedia.com/post/923,Great product! #HKVitals,92391,1975,26
924,300,Twitter,2025-06-04,https://socialmedia.com/post/924,Great product! #MuscleBlaze,16581,3506,540
925,395,Twitter,2025-06-04,https://socialmedia.com/post/925,Great product! #Gritzo,68443,1887,740
926,207,Twitter,2025-06-18,https://socialmedia.com/post/926,Great product! #Gritzo,30424,4032,335
927,336,YouTube,2025-06-08,https://socialmedia.com/post/927,Great product! #MB,89844,1707,641
928,593,YouTube,2025-05-27,https://socialmedia.com/post/928,Great product! #HKVitals,42984,3848,622
929,730,Twitter,2025-05-26,https://socialmedia.com/post/929,Great product! #HKVitals,42505,148,555
930,514,Twitter,2025-05-14,https://socialmedia.com/post/930,Great product! #HKVitals,63699,3961,605
931,178,Instagram,2025-05-17,https://socialmedia.com/post/931,Great product! #Gritzo,27957,2280,930
932,396,Instagram,2025-05-18,https://socialmedia.com/post/932,Great product! #Gritzo,26464,3146,717
933,371,YouTube,2025-06-14,https://socialmedia.com/post/933,Great product! #HKVitals,24649,2933,851
934,858,YouTube,2025-06-21,https://socialmedia.com/post/934,Great product! #Gritzo,43065,1497,211
935,791,Instagram,2025-05-29,https://socialmedia.com/post/935,Great product! #MB,93661,3926,353
936,658,Twitter,2025-05-20,https://socialmedia.com/post/936,Great product! #Gritzo,35758,4674,862
937,318,YouTube,2025-06-22,https://socialmedia.com/post/937,Great product! #Gritzo,6596,931,532
938,736,Twitter,2025-05-27,https://socialmedia.com/post/938,Great product! #MuscleBlaze,17374,2797,868
939,369,Instagram,2025-05-18,https://socialmedia.com/post/939,Great product! #MB,4775,4877,409
940,384,YouTube,2025-05-04,https://socialmedia.com/post/940,Great product! #MuscleBlaze,28388,2835,227
941,62,YouTube,2025-05-01,https://socialmedia.com/post/941,Great product! #HKVitals,22029,181,454
942,806,Instagram,2025-06-19,https://socialmedia.com/post/942,Great product! #HKVitals,84981,186,774
943,505,YouTube,2025-05-01,https://socialmedia.com/post/943,Great product! #MB,54639,2163,231
944,239,Instagram,2025-06-27,https://socialmedia.com/post/944,Great product! #Gritzo,15645,921,392
945,195,YouTube,2025-05-26,https://socialmedia.com/post/945,Great product! #MuscleBlaze,32105,262,890
946,678,Instagram,2025-06-14,https://socialmedia.com/post/946,Great product! #MB,14668,3839,601
947,963,YouTube,2025-05-20,https://socialmedia.com/post/947,Great product! #MuscleBlaze,16960,2497,16
948,222,Twitter,2025-06-21,https://socialmedia.com/post/948,Great product! #Gritzo,12357,2032,281
949,61,Twitter,2025-05-23,https://socialmedia.com/post/949,Great product! #MuscleBlaze,65604,2828,748
950,129,Twitter,2025-05-10,https://socialmedia.com/post/950,Great product! #MB,52796,3635,25
951,990,YouTube,2025-06-28,https://socialmedia.com/post/951,Great product! #Gritzo,16804,3546,433
952,685,YouTube,2025-05-11,https://socialmedia.com/post/952,Great product! #Gritzo,15626,2890,533
953,992,Twitter,2025-06-10,https://socialmedia.com/post/953,Great product! #MB,29132,2807,812
954,156,Twitter,2025-06-10,https://socialmedia.com/post/954,Great product! #Gritzo,8951,4033,762
955,917,Instagram,2025-05-05,https://socialmedia.com/post/955,Great product! #MuscleBlaze,7449,3485,30
956,378,Instagram,2025-06-27,https://socialmedia.com/post/956,Great product! #HKVitals,20065,1022,699
957,622,Instagram,2025-05-01,https://socialmedia.com/post/957,Great product! #MB,10130,2275,948
958,781,Twitter,2025-05-17,https://socialmedia.com/post/958,Great product! #MuscleBlaze,90360,1682,237
959,923,Twitter,2025-05-22,https://socialmedia.com/post/959,Great product! #Gritzo,63287,664,794
960,868,Twitter,2025-06-03,https://socialmedia.com/post/960,Great product! #HKVitals,52702,3358,297
961,903,Instagram,2025-06-25,https://socialmedia.com/post/961,Great product! #MuscleBlaze,37993,2697,818
962,790,YouTube,2025-06-14,https://socialmedia.com/post/962,Great product! #MB,32875,2600,143
963,586,Twitter,2025-06-10,https://socialmedia.com/post/963,Great product! #Gritzo,7054,4666,993
964,999,YouTube,2025-05-29,https://socialmedia.com/post/964,Great product! #MB,49517,1087,292
965,437,YouTube,2025-05-04,https://socialmedia.com/post/965,Great product! #MuscleBlaze,77368,3736,413
966,975,YouTube,2025-05-05,https://socialmedia.com/post/966,Great product! #HKVitals,30670,323,674
967,207,Instagram,2025-05-11,https://socialmedia.com/post/967,Great product! #MuscleBlaze,50112,450,75
968,388,YouTube,2025-06-25,https://socialmedia.com/post/968,Great product! #MuscleBlaze,89388,2028,658
969,480,Twitter,2025-06-20,https://socialmedia.com/post/969,Great product! #Gritzo,90156,448,613
970,791,Instagram,2025-05-21,https://socialmedia.com/post/970,Great product! #MB,29307,4377,446
971,887,Twitter,2025-06-04,https://socialmedia.com/post/971,Great product! #MuscleBlaze,68087,4832,838
972,838,Twitter,2025-05-12,https://socialmedia.com/post/972,Great product! #MuscleBlaze,48922,1117,943
973,984,Instagram,2025-05-26,https://socialmedia.com/post/973,Great product! #HKVitals,64080,2326,268
974,340,Twitter,2025-06-20,https://socialmedia.com/post/974,Great product! #HKVitals,94348,4967,989
975,869,Twitter,2025-05-19,https://socialmedia.com/post/975,Great product! #MB,80335,4224,975
976,340,Instagram,2025-06-14,https://socialmedia.com/post/976,Great product! #MB,27312,2519,112
977,204,Twitter,2025-06-29,https://socialmedia.com/post/977,Great product! #Gritzo,67985,1993,576
978,161,YouTube,2025-05-07,https://socialmedia.com/post/978,Great product! #MB,58608,3140,778
979,540,Twitter,2025-06-16,https://socialmedia.com/post/979,Great product! #HKVitals,90962,2168,110
980,392,YouTube,2025-06-24,https://socialmedia.com/post/980,Great product! #MB,41277,1225,207
981,769,Twitter,2025-05-07,https://socialmedia.com/post/981,Great product! #MuscleBlaze,32551,3217,822
982,677,Instagram,2025-05-26,https://socialmedia.com/post/982,Great product! #MB,90813,4261,235
983,575,Instagram,2025-06-09,https://socialmedia.com/post/983,Great product! #MB,57597,4142,952
984,534,Twitter,2025-05-05,https://socialmedia.com/post/984,Great product! #Gritzo,46212,4533,472
985,70,Instagram,2025-05-21,https://socialmedia.com/post/985,Great product! #MuscleBlaze,10637,2270,246
986,893,Twitter,2025-05-14,https://socialmedia.com/post/986,Great product! #Gritzo,44258,546,35
987,405,Instagram,2025-05-04,https://socialmedia.com/post/987,Great product! #HKVitals,36693,2758,130
988,608,YouTube,2025-05-23,https://socialmedia.com/post/988,Great product! #MB,10824,3462,919
989,675,Twitter,2025-06-11,https://socialmedia.com/post/989,Great product! #MB,27950,2818,515
990,591,YouTube,2025-05-20,https://socialmedia.com/post/990,Great product! #HKVitals,24488,3583,191
991,517,YouTube,2025-05-15,https://socialmedia.com/post/991,Great product! #Gritzo,1215,3044,720
992,828,Twitter,2025-06-19,https://socialmedia.com/post/992,Great product! #MuscleBlaze,12523,4476,823
993,120,YouTube,2025-06-21,https://socialmedia.com/post/993,Great product! #Gritzo,76900,695,776
994,814,Twitter,2025-06-14,https://socialmedia.com/post/994,Great product! #Gritzo,69689,2086,643
995,690,YouTube,2025-05-29,https://socialmedia.com/post/995,Great product! #MuscleBlaze,24834,2850,552
996,688,Twitter,2025-05-08,https://socialmedia.com/post/996,Great product! #MB,35474,1174,993
997,902,Twitter,2025-06-10,https://socialmedia.com/post/997,Great product! #Gritzo,44066,4069,324
998,217,Instagram,2025-06-17,https://socialmedia.com/post/998,Great product! #HKVitals,11400,4405,806
999,56,Twitter,2025-05-19,https://socialmedia.com/post/999,Great product! #MuscleBlaze,11345,4321,627
1000,366,Twitter,2025-06-17,https://socialmedia.com/post/1000,Great product! #MB,34896,4687,745
