source,campaign,influencer_id,user_id,product,date,orders,revenue
Instagram,HK_HeartHealth_July,129,U1000,Gritzo SuperMilk,2025-05-27,2,4074
YouTube,MB_Shred_June,291,U1001,MB Fat Burner,2025-06-22,1,2243
YouTube,MB_Shred_June,832,U1002,HKVitals Omega-3,2025-06-14,4,4291
Instagram,Gritzo_Growth_May,501,U1003,HKVitals Omega-3,2025-06-10,1,4134
Twitter,HK_HeartHealth_July,186,U1004,MuscleBlaze Whey,2025-05-28,1,1588
YouTube,HK_HeartHealth_July,479,U1005,MuscleBlaze Whey,2025-05-25,4,1861
Twitter,HK_HeartHealth_July,571,U1006,MuscleBlaze Whey,2025-06-11,4,3872
Instagram,Gritzo_Growth_May,492,U1007,MuscleBlaze Whey,2025-06-13,4,4973
Twitter,HK_HeartHealth_July,513,U1008,MuscleBlaze Whey,2025-06-15,2,975
YouTube,MB_Shred_June,643,U1009,MB Fat Burner,2025-06-02,1,1789
YouTube,Gritzo_Growth_May,67,U1010,MB Fat Burner,2025-06-15,3,828
YouTube,MB_Shred_June,805,U1011,MuscleBlaze Whey,2025-05-14,4,4544
Instagram,MB_Shred_June,467,U1012,HKVitals Omega-3,2025-05-08,4,2339
YouTube,Gritzo_Growth_May,285,U1013,MB Fat Burner,2025-06-17,1,1686
Instagram,MB_Shred_June,601,U1014,HKVitals Omega-3,2025-05-14,3,3914
Twitter,HK_HeartHealth_July,417,U1015,HKVitals Omega-3,2025-05-01,1,4036
YouTube,Gritzo_Growth_May,100,U1016,Gritzo SuperMilk,2025-05-16,1,2273
YouTube,MB_Shred_June,189,U1017,Gritzo SuperMilk,2025-05-18,4,2563
YouTube,HK_HeartHealth_July,989,U1018,MuscleBlaze Whey,2025-05-07,4,2344
Twitter,HK_HeartHealth_July,890,U1019,HKVitals Omega-3,2025-05-15,2,3058
YouTube,MB_Shred_June,858,U1020,MB Fat Burner,2025-05-24,3,1762
Instagram,HK_HeartHealth_July,388,U1021,Gritzo SuperMilk,2025-06-18,3,3791
Twitter,Gritzo_Growth_May,241,U1022,Gritzo SuperMilk,2025-06-20,4,1518
Twitter,MB_Shred_June,782,U1023,HKVitals Omega-3,2025-06-24,4,2289
Twitter,HK_HeartHealth_July,731,U1024,Gritzo SuperMilk,2025-05-13,4,4024
Twitter,HK_HeartHealth_July,417,U1025,Gritzo SuperMilk,2025-05-09,3,4004
Twitter,MB_Shred_June,918,U1026,MB Fat Burner,2025-06-25,2,1306
Instagram,MB_Shred_June,176,U1027,HKVitals Omega-3,2025-06-25,3,3166
Twitter,MB_Shred_June,387,U1028,Gritzo SuperMilk,2025-05-15,4,904
YouTube,MB_Shred_June,471,U1029,HKVitals Omega-3,2025-06-26,4,1093
Twitter,Gritzo_Growth_May,853,U1030,Gritzo SuperMilk,2025-06-27,2,4449
Twitter,MB_Shred_June,233,U1031,MB Fat Burner,2025-06-04,1,4607
Twitter,Gritzo_Growth_May,663,U1032,HKVitals Omega-3,2025-05-24,1,3780
Twitter,Gritzo_Growth_May,452,U1033,Gritzo SuperMilk,2025-06-02,3,2712
Twitter,MB_Shred_June,277,U1034,MB Fat Burner,2025-05-16,1,2042
Instagram,Gritzo_Growth_May,229,U1035,Gritzo SuperMilk,2025-05-08,1,1113
Instagram,MB_Shred_June,171,U1036,HKVitals Omega-3,2025-05-29,3,1368
Twitter,MB_Shred_June,735,U1037,Gritzo SuperMilk,2025-05-23,4,1311
Instagram,HK_HeartHealth_July,213,U1038,HKVitals Omega-3,2025-06-14,1,2322
YouTube,MB_Shred_June,282,U1039,HKVitals Omega-3,2025-05-31,4,4677
Twitter,HK_HeartHealth_July,41,U1040,Gritzo SuperMilk,2025-06-09,3,2244
YouTube,Gritzo_Growth_May,122,U1041,MB Fat Burner,2025-06-18,4,2756
YouTube,HK_HeartHealth_July,227,U1042,MuscleBlaze Whey,2025-06-23,4,4542
Twitter,Gritzo_Growth_May,294,U1043,MB Fat Burner,2025-06-24,3,4167
YouTube,MB_Shred_June,600,U1044,MB Fat Burner,2025-05-14,4,1021
YouTube,Gritzo_Growth_May,267,U1045,Gritzo SuperMilk,2025-06-28,1,2025
YouTube,Gritzo_Growth_May,541,U1046,MB Fat Burner,2025-06-22,1,1969
Twitter,MB_Shred_June,759,U1047,MB Fat Burner,2025-05-30,1,3175
Twitter,Gritzo_Growth_May,828,U1048,MuscleBlaze Whey,2025-06-22,1,2013
YouTube,MB_Shred_June,451,U1049,MB Fat Burner,2025-06-08,4,1951
Twitter,HK_HeartHealth_July,449,U1050,MuscleBlaze Whey,2025-05-27,1,3930
Twitter,MB_Shred_June,756,U1051,Gritzo SuperMilk,2025-06-16,4,3507
YouTube,MB_Shred_June,61,U1052,MuscleBlaze Whey,2025-05-16,2,3624
Twitter,Gritzo_Growth_May,502,U1053,HKVitals Omega-3,2025-06-20,4,2253
Instagram,HK_HeartHealth_July,147,U1054,HKVitals Omega-3,2025-05-06,1,2112
Twitter,MB_Shred_June,686,U1055,MuscleBlaze Whey,2025-06-24,2,3775
Instagram,HK_HeartHealth_July,945,U1056,HKVitals Omega-3,2025-06-02,3,1055
YouTube,HK_HeartHealth_July,790,U1057,Gritzo SuperMilk,2025-06-13,4,4751
Twitter,Gritzo_Growth_May,334,U1058,HKVitals Omega-3,2025-05-18,1,2549
YouTube,MB_Shred_June,881,U1059,MuscleBlaze Whey,2025-05-16,1,1324
YouTube,Gritzo_Growth_May,953,U1060,Gritzo SuperMilk,2025-05-12,1,3349
YouTube,MB_Shred_June,891,U1061,HKVitals Omega-3,2025-05-20,3,3530
YouTube,HK_HeartHealth_July,142,U1062,Gritzo SuperMilk,2025-06-14,2,1581
YouTube,MB_Shred_June,44,U1063,MuscleBlaze Whey,2025-06-09,2,3825
Twitter,MB_Shred_June,144,U1064,HKVitals Omega-3,2025-06-28,1,992
Instagram,HK_HeartHealth_July,865,U1065,Gritzo SuperMilk,2025-05-29,4,574
Twitter,HK_HeartHealth_July,333,U1066,Gritzo SuperMilk,2025-05-30,1,3491
Twitter,MB_Shred_June,998,U1067,HKVitals Omega-3,2025-05-26,1,3860
Twitter,Gritzo_Growth_May,497,U1068,Gritzo SuperMilk,2025-05-22,4,870
Twitter,MB_Shred_June,396,U1069,Gritzo SuperMilk,2025-06-02,1,828
Instagram,HK_HeartHealth_July,55,U1070,MuscleBlaze Whey,2025-06-27,3,2290
Twitter,Gritzo_Growth_May,307,U1071,MuscleBlaze Whey,2025-06-22,1,1276
YouTube,HK_HeartHealth_July,870,U1072,MuscleBlaze Whey,2025-06-08,3,2522
Twitter,HK_HeartHealth_July,423,U1073,MuscleBlaze Whey,2025-06-16,1,4816
Twitter,Gritzo_Growth_May,417,U1074,MuscleBlaze Whey,2025-05-29,2,1687
Instagram,HK_HeartHealth_July,673,U1075,MuscleBlaze Whey,2025-05-22,4,2003
Instagram,HK_HeartHealth_July,797,U1076,HKVitals Omega-3,2025-06-14,2,3791
YouTube,HK_HeartHealth_July,325,U1077,MuscleBlaze Whey,2025-05-13,1,3825
Twitter,HK_HeartHealth_July,710,U1078,Gritzo SuperMilk,2025-06-29,1,687
Twitter,HK_HeartHealth_July,671,U1079,HKVitals Omega-3,2025-05-09,3,1714
Twitter,HK_HeartHealth_July,80,U1080,Gritzo SuperMilk,2025-05-24,1,3786
YouTube,HK_HeartHealth_July,31,U1081,MuscleBlaze Whey,2025-05-15,1,3946
Instagram,HK_HeartHealth_July,985,U1082,MuscleBlaze Whey,2025-06-05,1,1609
YouTube,HK_HeartHealth_July,112,U1083,Gritzo SuperMilk,2025-05-13,2,3021
Twitter,MB_Shred_June,558,U1084,Gritzo SuperMilk,2025-05-27,3,4379
Instagram,MB_Shred_June,865,U1085,Gritzo SuperMilk,2025-06-13,2,1030
Instagram,HK_HeartHealth_July,717,U1086,MB Fat Burner,2025-06-06,3,1570
YouTube,MB_Shred_June,564,U1087,MB Fat Burner,2025-05-07,2,3636
Instagram,Gritzo_Growth_May,650,U1088,MB Fat Burner,2025-05-08,1,1462
Instagram,MB_Shred_June,472,U1089,MB Fat Burner,2025-06-06,2,1905
Twitter,HK_HeartHealth_July,74,U1090,HKVitals Omega-3,2025-06-10,2,3637
Twitter,HK_HeartHealth_July,553,U1091,MuscleBlaze Whey,2025-05-14,3,1016
Instagram,MB_Shred_June,479,U1092,Gritzo SuperMilk,2025-06-27,3,3664
Instagram,HK_HeartHealth_July,589,U1093,MuscleBlaze Whey,2025-05-12,2,1991
YouTube,Gritzo_Growth_May,387,U1094,Gritzo SuperMilk,2025-06-05,3,4189
YouTube,Gritzo_Growth_May,699,U1095,MuscleBlaze Whey,2025-06-21,3,4728
Instagram,HK_HeartHealth_July,882,U1096,HKVitals Omega-3,2025-06-09,3,4909
Twitter,Gritzo_Growth_May,564,U1097,MB Fat Burner,2025-05-17,4,1090
Instagram,Gritzo_Growth_May,930,U1098,MuscleBlaze Whey,2025-06-09,3,2043
Instagram,MB_Shred_June,433,U1099,Gritzo SuperMilk,2025-06-22,4,3556
Twitter,Gritzo_Growth_May,412,U1100,MuscleBlaze Whey,2025-05-29,4,2706
Twitter,MB_Shred_June,467,U1101,HKVitals Omega-3,2025-05-27,3,3839
YouTube,HK_HeartHealth_July,599,U1102,HKVitals Omega-3,2025-05-01,2,3208
YouTube,MB_Shred_June,621,U1103,MuscleBlaze Whey,2025-06-21,3,4529
YouTube,HK_HeartHealth_July,992,U1104,MB Fat Burner,2025-06-03,1,1247
YouTube,HK_HeartHealth_July,909,U1105,Gritzo SuperMilk,2025-05-04,2,1300
Twitter,HK_HeartHealth_July,737,U1106,HKVitals Omega-3,2025-05-24,4,1997
Instagram,HK_HeartHealth_July,994,U1107,HKVitals Omega-3,2025-05-21,4,1879
YouTube,HK_HeartHealth_July,993,U1108,MuscleBlaze Whey,2025-06-02,2,1179
YouTube,MB_Shred_June,248,U1109,HKVitals Omega-3,2025-05-07,2,4270
Twitter,HK_HeartHealth_July,581,U1110,HKVitals Omega-3,2025-05-01,3,3842
Twitter,Gritzo_Growth_May,120,U1111,Gritzo SuperMilk,2025-06-10,4,1396
Instagram,Gritzo_Growth_May,67,U1112,MB Fat Burner,2025-05-03,1,2046
Instagram,HK_HeartHealth_July,573,U1113,Gritzo SuperMilk,2025-06-13,3,3626
Twitter,Gritzo_Growth_May,956,U1114,MB Fat Burner,2025-06-20,2,1183
YouTube,MB_Shred_June,327,U1115,Gritzo SuperMilk,2025-05-15,4,1795
YouTube,MB_Shred_June,920,U1116,MuscleBlaze Whey,2025-05-31,2,1885
YouTube,HK_HeartHealth_July,703,U1117,HKVitals Omega-3,2025-06-23,2,1442
Instagram,HK_HeartHealth_July,470,U1118,MB Fat Burner,2025-05-16,2,3780
YouTube,HK_HeartHealth_July,493,U1119,MuscleBlaze Whey,2025-05-10,3,1533
YouTube,Gritzo_Growth_May,701,U1120,HKVitals Omega-3,2025-06-23,1,3286
Twitter,Gritzo_Growth_May,663,U1121,HKVitals Omega-3,2025-05-29,1,2733
YouTube,MB_Shred_June,286,U1122,HKVitals Omega-3,2025-06-28,4,4145
Twitter,Gritzo_Growth_May,956,U1123,Gritzo SuperMilk,2025-06-28,2,2120
YouTube,MB_Shred_June,914,U1124,MuscleBlaze Whey,2025-05-06,1,4035
Instagram,Gritzo_Growth_May,608,U1125,MuscleBlaze Whey,2025-05-29,2,3705
YouTube,MB_Shred_June,312,U1126,HKVitals Omega-3,2025-05-17,4,3382
YouTube,HK_HeartHealth_July,309,U1127,MB Fat Burner,2025-06-22,2,670
Twitter,Gritzo_Growth_May,775,U1128,MuscleBlaze Whey,2025-06-29,1,2053
Twitter,MB_Shred_June,97,U1129,Gritzo SuperMilk,2025-05-22,2,4397
Twitter,Gritzo_Growth_May,965,U1130,MB Fat Burner,2025-05-24,1,2095
YouTube,HK_HeartHealth_July,113,U1131,MB Fat Burner,2025-05-17,4,2123
YouTube,MB_Shred_June,988,U1132,MB Fat Burner,2025-05-21,2,4622
Instagram,Gritzo_Growth_May,637,U1133,MB Fat Burner,2025-06-20,1,1591
YouTube,Gritzo_Growth_May,456,U1134,MuscleBlaze Whey,2025-06-19,4,3337
Instagram,HK_HeartHealth_July,463,U1135,HKVitals Omega-3,2025-05-11,2,907
Twitter,HK_HeartHealth_July,948,U1136,MB Fat Burner,2025-06-25,4,4669
Twitter,MB_Shred_June,132,U1137,Gritzo SuperMilk,2025-05-07,1,1179
Twitter,Gritzo_Growth_May,930,U1138,Gritzo SuperMilk,2025-06-11,2,736
Instagram,Gritzo_Growth_May,965,U1139,HKVitals Omega-3,2025-06-08,2,3274
YouTube,HK_HeartHealth_July,929,U1140,MuscleBlaze Whey,2025-05-05,2,3937
Twitter,HK_HeartHealth_July,121,U1141,HKVitals Omega-3,2025-06-13,4,3857
YouTube,MB_Shred_June,197,U1142,MB Fat Burner,2025-06-17,4,3377
YouTube,Gritzo_Growth_May,806,U1143,MuscleBlaze Whey,2025-06-26,1,2923
Twitter,Gritzo_Growth_May,482,U1144,MuscleBlaze Whey,2025-05-21,3,3647
Instagram,MB_Shred_June,634,U1145,MB Fat Burner,2025-05-18,2,1532
YouTube,MB_Shred_June,794,U1146,Gritzo SuperMilk,2025-06-04,2,3354
Twitter,HK_HeartHealth_July,897,U1147,MB Fat Burner,2025-05-20,1,3440
YouTube,HK_HeartHealth_July,772,U1148,HKVitals Omega-3,2025-05-15,2,4201
YouTube,MB_Shred_June,39,U1149,MB Fat Burner,2025-05-05,4,4570
YouTube,MB_Shred_June,566,U1150,Gritzo SuperMilk,2025-05-13,4,3632
YouTube,Gritzo_Growth_May,512,U1151,MB Fat Burner,2025-06-20,2,3960
YouTube,MB_Shred_June,474,U1152,HKVitals Omega-3,2025-05-12,2,2423
Instagram,MB_Shred_June,161,U1153,HKVitals Omega-3,2025-06-24,4,1133
Instagram,Gritzo_Growth_May,289,U1154,Gritzo SuperMilk,2025-05-21,2,4603
Twitter,MB_Shred_June,200,U1155,HKVitals Omega-3,2025-06-06,4,1892
Instagram,HK_HeartHealth_July,788,U1156,HKVitals Omega-3,2025-05-06,3,3946
Instagram,HK_HeartHealth_July,528,U1157,MB Fat Burner,2025-05-07,3,3598
Instagram,Gritzo_Growth_May,917,U1158,MuscleBlaze Whey,2025-05-26,2,561
YouTube,MB_Shred_June,685,U1159,HKVitals Omega-3,2025-06-11,2,2969
YouTube,HK_HeartHealth_July,503,U1160,HKVitals Omega-3,2025-06-17,2,2317
Twitter,HK_HeartHealth_July,248,U1161,Gritzo SuperMilk,2025-05-08,4,1132
Twitter,HK_HeartHealth_July,383,U1162,Gritzo SuperMilk,2025-05-09,3,3098
Twitter,HK_HeartHealth_July,218,U1163,MB Fat Burner,2025-05-27,3,3951
YouTube,MB_Shred_June,87,U1164,MB Fat Burner,2025-05-04,1,1800
Instagram,MB_Shred_June,82,U1165,HKVitals Omega-3,2025-05-21,1,3153
Instagram,MB_Shred_June,62,U1166,MuscleBlaze Whey,2025-05-31,2,1954
YouTube,MB_Shred_June,799,U1167,MuscleBlaze Whey,2025-05-21,4,1638
Twitter,HK_HeartHealth_July,500,U1168,MB Fat Burner,2025-06-09,2,3692
Twitter,Gritzo_Growth_May,42,U1169,Gritzo SuperMilk,2025-05-25,3,2710
Twitter,Gritzo_Growth_May,12,U1170,HKVitals Omega-3,2025-06-08,2,4259
YouTube,HK_HeartHealth_July,833,U1171,HKVitals Omega-3,2025-05-15,2,3529
Twitter,HK_HeartHealth_July,746,U1172,MuscleBlaze Whey,2025-06-22,3,1860
Twitter,Gritzo_Growth_May,841,U1173,MB Fat Burner,2025-06-04,3,2926
YouTube,Gritzo_Growth_May,643,U1174,MuscleBlaze Whey,2025-06-18,3,4768
Instagram,HK_HeartHealth_July,115,U1175,MuscleBlaze Whey,2025-06-12,3,563
YouTube,HK_HeartHealth_July,218,U1176,MB Fat Burner,2025-06-10,1,1845
YouTube,MB_Shred_June,649,U1177,Gritzo SuperMilk,2025-06-06,4,1474
YouTube,MB_Shred_June,106,U1178,HKVitals Omega-3,2025-06-26,4,4661
YouTube,Gritzo_Growth_May,691,U1179,Gritzo SuperMilk,2025-06-11,3,4128
Instagram,HK_HeartHealth_July,528,U1180,MB Fat Burner,2025-06-16,4,2122
Twitter,Gritzo_Growth_May,472,U1181,MB Fat Burner,2025-05-28,4,957
YouTube,MB_Shred_June,754,U1182,HKVitals Omega-3,2025-05-14,4,3830
Instagram,MB_Shred_June,846,U1183,Gritzo SuperMilk,2025-05-04,4,2240
Twitter,Gritzo_Growth_May,893,U1184,HKVitals Omega-3,2025-06-22,3,3526
Twitter,MB_Shred_June,387,U1185,MuscleBlaze Whey,2025-05-20,2,2454
Twitter,HK_HeartHealth_July,226,U1186,MuscleBlaze Whey,2025-06-03,2,779
YouTube,Gritzo_Growth_May,481,U1187,MuscleBlaze Whey,2025-05-12,2,2891
YouTube,HK_HeartHealth_July,754,U1188,Gritzo SuperMilk,2025-06-02,1,1540
Twitter,HK_HeartHealth_July,408,U1189,MuscleBlaze Whey,2025-05-24,4,1461
Twitter,MB_Shred_June,457,U1190,HKVitals Omega-3,2025-05-20,3,4345
Twitter,HK_HeartHealth_July,653,U1191,Gritzo SuperMilk,2025-05-05,3,1717
Twitter,Gritzo_Growth_May,898,U1192,HKVitals Omega-3,2025-06-07,1,3720
Twitter,HK_HeartHealth_July,711,U1193,MB Fat Burner,2025-05-30,3,874
Twitter,HK_HeartHealth_July,624,U1194,Gritzo SuperMilk,2025-05-24,2,4630
Instagram,HK_HeartHealth_July,639,U1195,HKVitals Omega-3,2025-06-12,1,1892
Twitter,HK_HeartHealth_July,21,U1196,HKVitals Omega-3,2025-06-09,3,2576
YouTube,HK_HeartHealth_July,659,U1197,Gritzo SuperMilk,2025-05-07,1,1274
YouTube,MB_Shred_June,601,U1198,MB Fat Burner,2025-06-05,1,4816
YouTube,Gritzo_Growth_May,815,U1199,Gritzo SuperMilk,2025-06-07,3,3924
Twitter,MB_Shred_June,918,U1200,MuscleBlaze Whey,2025-05-16,2,2623
YouTube,Gritzo_Growth_May,203,U1201,MuscleBlaze Whey,2025-06-21,3,4093
Instagram,Gritzo_Growth_May,417,U1202,MB Fat Burner,2025-05-15,4,779
Twitter,Gritzo_Growth_May,416,U1203,HKVitals Omega-3,2025-06-15,4,3311
YouTube,Gritzo_Growth_May,448,U1204,HKVitals Omega-3,2025-05-23,3,2842
Instagram,Gritzo_Growth_May,512,U1205,HKVitals Omega-3,2025-05-12,2,1974
Instagram,HK_HeartHealth_July,85,U1206,Gritzo SuperMilk,2025-05-29,4,2357
YouTube,MB_Shred_June,167,U1207,Gritzo SuperMilk,2025-06-13,4,3389
Instagram,MB_Shred_June,384,U1208,MB Fat Burner,2025-06-17,3,1559
YouTube,HK_HeartHealth_July,468,U1209,MuscleBlaze Whey,2025-05-15,3,2422
Instagram,Gritzo_Growth_May,72,U1210,HKVitals Omega-3,2025-05-29,3,4299
Twitter,MB_Shred_June,810,U1211,MuscleBlaze Whey,2025-06-14,1,2973
Twitter,HK_HeartHealth_July,997,U1212,Gritzo SuperMilk,2025-06-12,1,4639
Twitter,HK_HeartHealth_July,521,U1213,Gritzo SuperMilk,2025-06-18,1,2351
Twitter,MB_Shred_June,793,U1214,Gritzo SuperMilk,2025-05-21,3,4041
Twitter,MB_Shred_June,473,U1215,MuscleBlaze Whey,2025-05-15,2,1094
YouTube,Gritzo_Growth_May,993,U1216,MB Fat Burner,2025-05-14,4,1006
Twitter,Gritzo_Growth_May,258,U1217,MB Fat Burner,2025-06-11,1,520
Twitter,MB_Shred_June,275,U1218,Gritzo SuperMilk,2025-06-13,2,1899
Twitter,Gritzo_Growth_May,750,U1219,HKVitals Omega-3,2025-05-16,3,3701
Twitter,HK_HeartHealth_July,20,U1220,MuscleBlaze Whey,2025-05-15,1,2961
Instagram,Gritzo_Growth_May,490,U1221,Gritzo SuperMilk,2025-06-11,3,4178
Twitter,Gritzo_Growth_May,745,U1222,MuscleBlaze Whey,2025-05-04,2,836
Twitter,HK_HeartHealth_July,490,U1223,MuscleBlaze Whey,2025-05-27,1,2167
YouTube,Gritzo_Growth_May,733,U1224,MB Fat Burner,2025-05-23,1,4076
Instagram,HK_HeartHealth_July,326,U1225,Gritzo SuperMilk,2025-05-29,1,1409
YouTube,Gritzo_Growth_May,529,U1226,MB Fat Burner,2025-06-10,1,775
Twitter,MB_Shred_June,892,U1227,Gritzo SuperMilk,2025-06-22,2,1391
YouTube,Gritzo_Growth_May,89,U1228,MuscleBlaze Whey,2025-06-21,1,512
YouTube,MB_Shred_June,486,U1229,MB Fat Burner,2025-05-09,4,4557
Twitter,MB_Shred_June,708,U1230,MuscleBlaze Whey,2025-06-22,4,3525
Instagram,MB_Shred_June,350,U1231,Gritzo SuperMilk,2025-06-26,3,1473
Instagram,MB_Shred_June,84,U1232,HKVitals Omega-3,2025-06-25,1,4770
YouTube,MB_Shred_June,387,U1233,MB Fat Burner,2025-06-21,4,4470
Twitter,HK_HeartHealth_July,87,U1234,MB Fat Burner,2025-06-12,4,1908
YouTube,HK_HeartHealth_July,307,U1235,MuscleBlaze Whey,2025-06-12,4,2443
YouTube,HK_HeartHealth_July,850,U1236,MuscleBlaze Whey,2025-05-07,2,2788
YouTube,MB_Shred_June,154,U1237,HKVitals Omega-3,2025-06-22,1,1046
Twitter,Gritzo_Growth_May,440,U1238,MB Fat Burner,2025-06-11,2,1718
Twitter,HK_HeartHealth_July,740,U1239,Gritzo SuperMilk,2025-05-04,2,1920
Instagram,Gritzo_Growth_May,960,U1240,Gritzo SuperMilk,2025-05-05,4,1954
Twitter,Gritzo_Growth_May,264,U1241,MB Fat Burner,2025-05-05,4,3877
YouTube,MB_Shred_June,977,U1242,MB Fat Burner,2025-05-11,3,3272
YouTube,MB_Shred_June,735,U1243,MB Fat Burner,2025-06-10,1,4598
Instagram,MB_Shred_June,421,U1244,HKVitals Omega-3,2025-05-28,1,3238
Twitter,HK_HeartHealth_July,493,U1245,Gritzo SuperMilk,2025-05-16,4,4247
YouTube,MB_Shred_June,633,U1246,Gritzo SuperMilk,2025-06-10,4,2342
Instagram,HK_HeartHealth_July,993,U1247,MuscleBlaze Whey,2025-06-23,1,1246
Instagram,HK_HeartHealth_July,411,U1248,MuscleBlaze Whey,2025-05-30,3,3316
YouTube,HK_HeartHealth_July,173,U1249,MB Fat Burner,2025-05-04,4,1371
YouTube,HK_HeartHealth_July,4,U1250,MuscleBlaze Whey,2025-05-02,3,994
Twitter,MB_Shred_June,854,U1251,HKVitals Omega-3,2025-06-15,2,3944
Instagram,HK_HeartHealth_July,640,U1252,Gritzo SuperMilk,2025-05-03,4,1575
YouTube,MB_Shred_June,986,U1253,Gritzo SuperMilk,2025-06-19,2,4494
Instagram,MB_Shred_June,992,U1254,MuscleBlaze Whey,2025-05-21,4,4737
Twitter,HK_HeartHealth_July,472,U1255,MB Fat Burner,2025-05-06,2,545
YouTube,MB_Shred_June,110,U1256,MuscleBlaze Whey,2025-06-12,4,3556
Twitter,Gritzo_Growth_May,867,U1257,MB Fat Burner,2025-06-22,3,2557
Instagram,MB_Shred_June,37,U1258,HKVitals Omega-3,2025-05-18,3,1163
Twitter,MB_Shred_June,992,U1259,Gritzo SuperMilk,2025-06-13,3,2529
Twitter,HK_HeartHealth_July,583,U1260,HKVitals Omega-3,2025-05-05,2,3196
Instagram,HK_HeartHealth_July,801,U1261,Gritzo SuperMilk,2025-05-09,3,1139
Twitter,MB_Shred_June,31,U1262,HKVitals Omega-3,2025-05-20,2,3163
Instagram,HK_HeartHealth_July,951,U1263,MuscleBlaze Whey,2025-05-28,4,3245
YouTube,Gritzo_Growth_May,381,U1264,HKVitals Omega-3,2025-05-26,2,4902
Instagram,Gritzo_Growth_May,268,U1265,HKVitals Omega-3,2025-05-18,4,3095
Instagram,HK_HeartHealth_July,11,U1266,MuscleBlaze Whey,2025-05-19,1,3927
YouTube,MB_Shred_June,344,U1267,Gritzo SuperMilk,2025-05-03,1,894
Instagram,Gritzo_Growth_May,840,U1268,Gritzo SuperMilk,2025-05-09,1,4097
YouTube,Gritzo_Growth_May,544,U1269,MuscleBlaze Whey,2025-06-05,2,2832
YouTube,MB_Shred_June,569,U1270,HKVitals Omega-3,2025-05-31,1,829
Instagram,HK_HeartHealth_July,166,U1271,HKVitals Omega-3,2025-06-18,1,2597
Twitter,Gritzo_Growth_May,700,U1272,HKVitals Omega-3,2025-05-17,1,1272
Twitter,MB_Shred_June,342,U1273,MB Fat Burner,2025-06-24,4,2145
YouTube,MB_Shred_June,482,U1274,Gritzo SuperMilk,2025-05-23,3,2232
Twitter,Gritzo_Growth_May,19,U1275,HKVitals Omega-3,2025-06-03,2,4973
Twitter,HK_HeartHealth_July,628,U1276,Gritzo SuperMilk,2025-06-10,1,2287
Instagram,Gritzo_Growth_May,980,U1277,HKVitals Omega-3,2025-06-10,4,2123
YouTube,MB_Shred_June,184,U1278,MuscleBlaze Whey,2025-05-05,3,1499
YouTube,Gritzo_Growth_May,782,U1279,MuscleBlaze Whey,2025-05-15,3,2348
Instagram,HK_HeartHealth_July,545,U1280,Gritzo SuperMilk,2025-06-16,3,2061
Twitter,MB_Shred_June,10,U1281,Gritzo SuperMilk,2025-05-03,4,1273
YouTube,HK_HeartHealth_July,592,U1282,MuscleBlaze Whey,2025-05-19,1,2303
Twitter,Gritzo_Growth_May,192,U1283,MB Fat Burner,2025-05-28,3,1598
YouTube,Gritzo_Growth_May,320,U1284,MuscleBlaze Whey,2025-05-03,4,2550
YouTube,HK_HeartHealth_July,702,U1285,HKVitals Omega-3,2025-06-07,4,2098
YouTube,Gritzo_Growth_May,580,U1286,MB Fat Burner,2025-05-04,2,1247
YouTube,HK_HeartHealth_July,475,U1287,MuscleBlaze Whey,2025-05-24,4,4473
Twitter,Gritzo_Growth_May,860,U1288,MB Fat Burner,2025-05-31,3,2822
Twitter,HK_HeartHealth_July,637,U1289,MB Fat Burner,2025-06-14,3,2053
Twitter,HK_HeartHealth_July,427,U1290,MB Fat Burner,2025-06-28,4,2115
Twitter,MB_Shred_June,848,U1291,Gritzo SuperMilk,2025-06-14,3,4254
Instagram,MB_Shred_June,59,U1292,MuscleBlaze Whey,2025-06-28,4,4924
YouTube,HK_HeartHealth_July,436,U1293,Gritzo SuperMilk,2025-05-11,3,2802
YouTube,Gritzo_Growth_May,97,U1294,Gritzo SuperMilk,2025-06-06,2,4721
YouTube,Gritzo_Growth_May,496,U1295,HKVitals Omega-3,2025-05-01,1,4155
Instagram,Gritzo_Growth_May,787,U1296,HKVitals Omega-3,2025-05-09,2,3895
Twitter,HK_HeartHealth_July,661,U1297,MB Fat Burner,2025-05-17,2,716
YouTube,HK_HeartHealth_July,278,U1298,MB Fat Burner,2025-06-23,1,3816
Twitter,HK_HeartHealth_July,265,U1299,HKVitals Omega-3,2025-05-01,3,1859
Twitter,HK_HeartHealth_July,9,U1300,HKVitals Omega-3,2025-05-03,1,4274
Instagram,MB_Shred_June,457,U1301,MuscleBlaze Whey,2025-06-16,4,4777
Instagram,HK_HeartHealth_July,795,U1302,MB Fat Burner,2025-05-26,1,4929
Twitter,Gritzo_Growth_May,273,U1303,MB Fat Burner,2025-06-22,2,4978
YouTube,MB_Shred_June,940,U1304,HKVitals Omega-3,2025-05-31,1,2396
YouTube,Gritzo_Growth_May,813,U1305,MuscleBlaze Whey,2025-05-26,3,4927
Instagram,HK_HeartHealth_July,8,U1306,HKVitals Omega-3,2025-05-23,2,1399
Instagram,MB_Shred_June,208,U1307,HKVitals Omega-3,2025-05-30,4,1141
Instagram,HK_HeartHealth_July,914,U1308,Gritzo SuperMilk,2025-05-10,3,4127
Instagram,MB_Shred_June,637,U1309,MB Fat Burner,2025-05-08,2,695
Instagram,Gritzo_Growth_May,123,U1310,MuscleBlaze Whey,2025-06-13,4,2393
Instagram,HK_HeartHealth_July,33,U1311,Gritzo SuperMilk,2025-05-25,3,3775
Instagram,HK_HeartHealth_July,513,U1312,MB Fat Burner,2025-05-22,4,4550
YouTube,MB_Shred_June,204,U1313,HKVitals Omega-3,2025-05-15,1,2804
Instagram,MB_Shred_June,518,U1314,MuscleBlaze Whey,2025-06-28,1,4100
Instagram,HK_HeartHealth_July,809,U1315,MB Fat Burner,2025-06-10,4,3843
YouTube,MB_Shred_June,951,U1316,HKVitals Omega-3,2025-06-25,1,2556
YouTube,HK_HeartHealth_July,517,U1317,Gritzo SuperMilk,2025-06-26,4,3308
Twitter,MB_Shred_June,443,U1318,MuscleBlaze Whey,2025-05-10,3,1724
Instagram,Gritzo_Growth_May,592,U1319,MB Fat Burner,2025-05-20,2,1386
Instagram,MB_Shred_June,786,U1320,Gritzo SuperMilk,2025-06-10,4,892
Instagram,Gritzo_Growth_May,689,U1321,HKVitals Omega-3,2025-06-16,2,2175
Instagram,MB_Shred_June,850,U1322,HKVitals Omega-3,2025-05-23,2,3690
Twitter,MB_Shred_June,833,U1323,MB Fat Burner,2025-06-22,4,2946
YouTube,HK_HeartHealth_July,339,U1324,HKVitals Omega-3,2025-06-22,1,4405
YouTube,MB_Shred_June,438,U1325,MuscleBlaze Whey,2025-05-01,3,3838
Instagram,MB_Shred_June,445,U1326,MB Fat Burner,2025-05-02,2,4091
Instagram,Gritzo_Growth_May,136,U1327,Gritzo SuperMilk,2025-06-27,3,4266
Instagram,MB_Shred_June,387,U1328,MB Fat Burner,2025-05-19,2,3027
Twitter,HK_HeartHealth_July,25,U1329,MB Fat Burner,2025-05-14,4,2681
Twitter,Gritzo_Growth_May,506,U1330,Gritzo SuperMilk,2025-05-08,1,4264
YouTube,HK_HeartHealth_July,325,U1331,HKVitals Omega-3,2025-06-07,3,854
Instagram,HK_HeartHealth_July,695,U1332,Gritzo SuperMilk,2025-05-12,2,3131
Instagram,HK_HeartHealth_July,680,U1333,MuscleBlaze Whey,2025-05-26,4,2021
Instagram,HK_HeartHealth_July,979,U1334,HKVitals Omega-3,2025-05-27,4,3172
Instagram,Gritzo_Growth_May,338,U1335,MB Fat Burner,2025-05-29,2,3678
Twitter,MB_Shred_June,690,U1336,HKVitals Omega-3,2025-05-15,2,2837
YouTube,HK_HeartHealth_July,885,U1337,HKVitals Omega-3,2025-06-15,2,1128
YouTube,Gritzo_Growth_May,95,U1338,MuscleBlaze Whey,2025-06-22,1,3179
Twitter,HK_HeartHealth_July,545,U1339,HKVitals Omega-3,2025-05-01,2,4922
Instagram,MB_Shred_June,623,U1340,HKVitals Omega-3,2025-06-29,2,1938
YouTube,Gritzo_Growth_May,146,U1341,HKVitals Omega-3,2025-06-12,1,1921
YouTube,Gritzo_Growth_May,893,U1342,MB Fat Burner,2025-05-28,4,1626
Twitter,MB_Shred_June,953,U1343,HKVitals Omega-3,2025-06-26,2,3183
Instagram,Gritzo_Growth_May,231,U1344,Gritzo SuperMilk,2025-05-03,3,2280
YouTube,MB_Shred_June,784,U1345,HKVitals Omega-3,2025-06-20,4,2031
Instagram,Gritzo_Growth_May,848,U1346,MuscleBlaze Whey,2025-05-18,3,2414
YouTube,Gritzo_Growth_May,495,U1347,HKVitals Omega-3,2025-06-21,2,1732
Twitter,MB_Shred_June,38,U1348,HKVitals Omega-3,2025-06-29,1,2456
Instagram,MB_Shred_June,425,U1349,MB Fat Burner,2025-06-03,1,892
Twitter,Gritzo_Growth_May,647,U1350,Gritzo SuperMilk,2025-06-01,1,1325
YouTube,Gritzo_Growth_May,846,U1351,HKVitals Omega-3,2025-05-29,2,3463
Twitter,MB_Shred_June,747,U1352,Gritzo SuperMilk,2025-05-25,2,2895
Twitter,MB_Shred_June,437,U1353,MuscleBlaze Whey,2025-06-29,3,4645
Twitter,Gritzo_Growth_May,831,U1354,MB Fat Burner,2025-05-26,1,2292
YouTube,Gritzo_Growth_May,368,U1355,Gritzo SuperMilk,2025-06-08,2,3564
Instagram,Gritzo_Growth_May,345,U1356,MB Fat Burner,2025-05-08,4,1863
Twitter,MB_Shred_June,160,U1357,HKVitals Omega-3,2025-05-19,2,2848
Instagram,Gritzo_Growth_May,550,U1358,MuscleBlaze Whey,2025-06-23,2,4051
YouTube,HK_HeartHealth_July,662,U1359,MB Fat Burner,2025-06-16,4,4128
Instagram,MB_Shred_June,912,U1360,HKVitals Omega-3,2025-06-11,1,3836
Twitter,Gritzo_Growth_May,820,U1361,Gritzo SuperMilk,2025-05-22,4,2065
Twitter,MB_Shred_June,541,U1362,MuscleBlaze Whey,2025-05-29,1,4167
Twitter,HK_HeartHealth_July,144,U1363,MuscleBlaze Whey,2025-06-02,4,2713
Twitter,MB_Shred_June,588,U1364,Gritzo SuperMilk,2025-06-07,3,4596
Twitter,Gritzo_Growth_May,657,U1365,Gritzo SuperMilk,2025-06-14,1,1519
Twitter,HK_HeartHealth_July,741,U1366,MuscleBlaze Whey,2025-06-15,2,1784
YouTube,HK_HeartHealth_July,576,U1367,MB Fat Burner,2025-06-04,3,562
YouTube,Gritzo_Growth_May,859,U1368,MuscleBlaze Whey,2025-06-12,1,3030
YouTube,Gritzo_Growth_May,345,U1369,Gritzo SuperMilk,2025-05-03,1,3892
Instagram,Gritzo_Growth_May,269,U1370,MB Fat Burner,2025-05-19,1,3772
Instagram,MB_Shred_June,840,U1371,HKVitals Omega-3,2025-05-10,4,2769
YouTube,MB_Shred_June,696,U1372,MuscleBlaze Whey,2025-05-27,1,4747
Instagram,MB_Shred_June,773,U1373,Gritzo SuperMilk,2025-05-15,2,1143
Instagram,Gritzo_Growth_May,268,U1374,HKVitals Omega-3,2025-05-11,1,716
Twitter,Gritzo_Growth_May,169,U1375,MuscleBlaze Whey,2025-06-16,2,695
Twitter,MB_Shred_June,771,U1376,MuscleBlaze Whey,2025-05-26,2,4364
Instagram,HK_HeartHealth_July,739,U1377,MB Fat Burner,2025-06-28,2,3773
Instagram,MB_Shred_June,33,U1378,Gritzo SuperMilk,2025-05-24,3,3194
YouTube,HK_HeartHealth_July,377,U1379,HKVitals Omega-3,2025-05-13,2,3712
Instagram,Gritzo_Growth_May,214,U1380,MuscleBlaze Whey,2025-06-01,4,3255
Twitter,Gritzo_Growth_May,562,U1381,MB Fat Burner,2025-06-06,1,2021
Instagram,MB_Shred_June,440,U1382,HKVitals Omega-3,2025-05-04,4,1580
YouTube,MB_Shred_June,492,U1383,HKVitals Omega-3,2025-05-13,3,1221
Twitter,Gritzo_Growth_May,393,U1384,MuscleBlaze Whey,2025-05-09,1,2062
Twitter,MB_Shred_June,489,U1385,HKVitals Omega-3,2025-06-26,2,1139
Twitter,Gritzo_Growth_May,722,U1386,MuscleBlaze Whey,2025-06-18,1,4760
Twitter,Gritzo_Growth_May,946,U1387,MB Fat Burner,2025-06-03,3,4810
Instagram,HK_HeartHealth_July,29,U1388,MB Fat Burner,2025-06-25,3,4287
YouTube,MB_Shred_June,39,U1389,HKVitals Omega-3,2025-06-06,4,4236
Instagram,Gritzo_Growth_May,859,U1390,MuscleBlaze Whey,2025-06-17,1,589
Instagram,MB_Shred_June,612,U1391,Gritzo SuperMilk,2025-05-07,1,3421
Twitter,HK_HeartHealth_July,173,U1392,MB Fat Burner,2025-05-01,1,1751
YouTube,HK_HeartHealth_July,17,U1393,MuscleBlaze Whey,2025-06-29,4,1602
Twitter,MB_Shred_June,56,U1394,MuscleBlaze Whey,2025-06-27,3,848
Instagram,MB_Shred_June,226,U1395,MuscleBlaze Whey,2025-05-12,2,4413
Instagram,Gritzo_Growth_May,558,U1396,HKVitals Omega-3,2025-05-21,1,4552
Twitter,HK_HeartHealth_July,67,U1397,Gritzo SuperMilk,2025-05-11,4,3441
Instagram,HK_HeartHealth_July,197,U1398,HKVitals Omega-3,2025-06-13,4,745
Instagram,HK_HeartHealth_July,654,U1399,MB Fat Burner,2025-06-20,2,771
Twitter,MB_Shred_June,835,U1400,HKVitals Omega-3,2025-06-27,3,2530
Instagram,Gritzo_Growth_May,23,U1401,MuscleBlaze Whey,2025-06-13,1,4998
YouTube,MB_Shred_June,999,U1402,HKVitals Omega-3,2025-06-13,1,3687
Twitter,MB_Shred_June,606,U1403,MuscleBlaze Whey,2025-05-14,4,4006
YouTube,MB_Shred_June,754,U1404,Gritzo SuperMilk,2025-06-03,3,1965
Instagram,Gritzo_Growth_May,237,U1405,HKVitals Omega-3,2025-06-03,1,1695
Instagram,MB_Shred_June,957,U1406,HKVitals Omega-3,2025-05-25,2,3587
Twitter,HK_HeartHealth_July,919,U1407,HKVitals Omega-3,2025-05-04,3,3508
Instagram,HK_HeartHealth_July,923,U1408,MuscleBlaze Whey,2025-06-21,3,4323
Twitter,HK_HeartHealth_July,566,U1409,MuscleBlaze Whey,2025-06-24,4,2114
Twitter,Gritzo_Growth_May,138,U1410,HKVitals Omega-3,2025-05-26,4,1626
Twitter,MB_Shred_June,473,U1411,HKVitals Omega-3,2025-05-16,1,4879
Twitter,Gritzo_Growth_May,845,U1412,Gritzo SuperMilk,2025-05-10,4,1016
Twitter,MB_Shred_June,784,U1413,Gritzo SuperMilk,2025-06-14,3,3165
YouTube,HK_HeartHealth_July,553,U1414,MB Fat Burner,2025-05-02,1,1801
Twitter,MB_Shred_June,610,U1415,Gritzo SuperMilk,2025-06-04,1,1111
YouTube,MB_Shred_June,695,U1416,Gritzo SuperMilk,2025-05-19,3,1249
Instagram,MB_Shred_June,640,U1417,Gritzo SuperMilk,2025-05-06,1,2356
Twitter,Gritzo_Growth_May,229,U1418,MuscleBlaze Whey,2025-05-19,2,899
Instagram,MB_Shred_June,317,U1419,Gritzo SuperMilk,2025-06-28,2,2026
Twitter,MB_Shred_June,598,U1420,Gritzo SuperMilk,2025-06-22,1,2524
YouTube,MB_Shred_June,768,U1421,HKVitals Omega-3,2025-06-21,4,819
YouTube,Gritzo_Growth_May,721,U1422,MuscleBlaze Whey,2025-06-20,2,835
YouTube,Gritzo_Growth_May,727,U1423,MB Fat Burner,2025-05-08,1,2598
Instagram,Gritzo_Growth_May,886,U1424,MB Fat Burner,2025-05-14,2,673
Twitter,MB_Shred_June,612,U1425,Gritzo SuperMilk,2025-05-10,4,4519
Instagram,HK_HeartHealth_July,561,U1426,MB Fat Burner,2025-05-03,3,2141
YouTube,HK_HeartHealth_July,201,U1427,MB Fat Burner,2025-06-07,1,1000
Instagram,HK_HeartHealth_July,948,U1428,MB Fat Burner,2025-05-29,1,4146
YouTube,MB_Shred_June,258,U1429,Gritzo SuperMilk,2025-05-15,1,2863
YouTube,HK_HeartHealth_July,480,U1430,MB Fat Burner,2025-05-23,1,2356
YouTube,HK_HeartHealth_July,888,U1431,Gritzo SuperMilk,2025-05-23,1,3652
Twitter,HK_HeartHealth_July,178,U1432,HKVitals Omega-3,2025-05-18,1,2396
Twitter,MB_Shred_June,757,U1433,HKVitals Omega-3,2025-06-15,4,2218
YouTube,HK_HeartHealth_July,123,U1434,MB Fat Burner,2025-05-19,3,2278
Instagram,HK_HeartHealth_July,342,U1435,HKVitals Omega-3,2025-05-28,4,3557
Instagram,MB_Shred_June,171,U1436,Gritzo SuperMilk,2025-05-26,4,3213
Twitter,Gritzo_Growth_May,845,U1437,HKVitals Omega-3,2025-05-10,3,4328
YouTube,HK_HeartHealth_July,648,U1438,MB Fat Burner,2025-06-16,4,1594
Instagram,Gritzo_Growth_May,59,U1439,Gritzo SuperMilk,2025-05-04,2,545
YouTube,HK_HeartHealth_July,705,U1440,MuscleBlaze Whey,2025-06-24,4,1945
Instagram,MB_Shred_June,465,U1441,Gritzo SuperMilk,2025-05-02,1,2696
Twitter,Gritzo_Growth_May,780,U1442,HKVitals Omega-3,2025-05-03,2,3701
YouTube,Gritzo_Growth_May,260,U1443,MuscleBlaze Whey,2025-05-07,2,955
YouTube,Gritzo_Growth_May,373,U1444,Gritzo SuperMilk,2025-06-24,3,2162
Instagram,Gritzo_Growth_May,973,U1445,MuscleBlaze Whey,2025-05-16,4,3424
Instagram,HK_HeartHealth_July,95,U1446,MuscleBlaze Whey,2025-05-31,4,1465
Instagram,HK_HeartHealth_July,125,U1447,MuscleBlaze Whey,2025-05-10,2,2028
YouTube,Gritzo_Growth_May,41,U1448,Gritzo SuperMilk,2025-05-19,4,3476
Twitter,HK_HeartHealth_July,891,U1449,HKVitals Omega-3,2025-05-28,4,3571
Twitter,Gritzo_Growth_May,254,U1450,Gritzo SuperMilk,2025-05-17,3,3021
Instagram,Gritzo_Growth_May,7,U1451,HKVitals Omega-3,2025-05-28,2,1626
Twitter,MB_Shred_June,471,U1452,Gritzo SuperMilk,2025-05-19,1,3904
Instagram,Gritzo_Growth_May,728,U1453,Gritzo SuperMilk,2025-06-06,2,4992
Twitter,HK_HeartHealth_July,511,U1454,Gritzo SuperMilk,2025-05-23,3,2843
YouTube,Gritzo_Growth_May,581,U1455,HKVitals Omega-3,2025-05-20,3,606
Instagram,MB_Shred_June,69,U1456,Gritzo SuperMilk,2025-05-13,3,3077
Twitter,HK_HeartHealth_July,81,U1457,MuscleBlaze Whey,2025-05-13,4,3654
YouTube,MB_Shred_June,542,U1458,Gritzo SuperMilk,2025-06-12,2,4883
Twitter,MB_Shred_June,585,U1459,MuscleBlaze Whey,2025-05-11,4,4553
YouTube,Gritzo_Growth_May,262,U1460,MB Fat Burner,2025-06-17,4,714
YouTube,MB_Shred_June,89,U1461,MB Fat Burner,2025-05-15,2,4939
Twitter,MB_Shred_June,915,U1462,HKVitals Omega-3,2025-05-17,3,4789
Twitter,HK_HeartHealth_July,208,U1463,HKVitals Omega-3,2025-06-23,1,4753
YouTube,MB_Shred_June,213,U1464,MB Fat Burner,2025-06-19,1,964
YouTube,Gritzo_Growth_May,834,U1465,Gritzo SuperMilk,2025-05-28,2,2872
YouTube,Gritzo_Growth_May,266,U1466,Gritzo SuperMilk,2025-05-19,2,1091
Instagram,Gritzo_Growth_May,912,U1467,Gritzo SuperMilk,2025-05-04,3,2688
YouTube,MB_Shred_June,293,U1468,MB Fat Burner,2025-05-22,2,1383
Instagram,HK_HeartHealth_July,207,U1469,MuscleBlaze Whey,2025-05-22,2,4658
YouTube,Gritzo_Growth_May,333,U1470,HKVitals Omega-3,2025-06-24,3,803
Instagram,MB_Shred_June,77,U1471,MuscleBlaze Whey,2025-06-06,3,4991
YouTube,Gritzo_Growth_May,288,U1472,MB Fat Burner,2025-06-08,4,833
YouTube,Gritzo_Growth_May,47,U1473,MuscleBlaze Whey,2025-06-03,2,3333
YouTube,HK_HeartHealth_July,622,U1474,Gritzo SuperMilk,2025-06-02,1,2831
Twitter,Gritzo_Growth_May,200,U1475,Gritzo SuperMilk,2025-06-13,2,579
Twitter,HK_HeartHealth_July,427,U1476,MuscleBlaze Whey,2025-06-11,1,4263
YouTube,MB_Shred_June,210,U1477,MB Fat Burner,2025-06-09,1,3331
Instagram,Gritzo_Growth_May,888,U1478,MuscleBlaze Whey,2025-06-02,1,2477
Instagram,MB_Shred_June,420,U1479,Gritzo SuperMilk,2025-05-12,4,1232
YouTube,MB_Shred_June,154,U1480,Gritzo SuperMilk,2025-05-02,3,4476
Twitter,MB_Shred_June,522,U1481,MB Fat Burner,2025-06-28,3,2317
Instagram,Gritzo_Growth_May,415,U1482,MuscleBlaze Whey,2025-05-28,4,1884
Twitter,HK_HeartHealth_July,353,U1483,Gritzo SuperMilk,2025-05-10,3,2624
Instagram,Gritzo_Growth_May,157,U1484,Gritzo SuperMilk,2025-05-22,4,1698
YouTube,MB_Shred_June,261,U1485,MuscleBlaze Whey,2025-05-17,2,2792
Twitter,HK_HeartHealth_July,77,U1486,MuscleBlaze Whey,2025-05-26,4,4717
Instagram,MB_Shred_June,769,U1487,HKVitals Omega-3,2025-05-03,3,684
YouTube,HK_HeartHealth_July,983,U1488,MB Fat Burner,2025-05-07,3,4627
YouTube,Gritzo_Growth_May,488,U1489,MB Fat Burner,2025-06-13,2,1497
YouTube,HK_HeartHealth_July,131,U1490,MuscleBlaze Whey,2025-05-08,4,2486
Twitter,Gritzo_Growth_May,579,U1491,MB Fat Burner,2025-05-20,2,3309
Twitter,MB_Shred_June,455,U1492,Gritzo SuperMilk,2025-05-12,1,2857
YouTube,HK_HeartHealth_July,740,U1493,MuscleBlaze Whey,2025-06-04,4,2179
Twitter,MB_Shred_June,163,U1494,MuscleBlaze Whey,2025-05-17,2,3539
Instagram,HK_HeartHealth_July,15,U1495,MuscleBlaze Whey,2025-05-28,2,3011
YouTube,Gritzo_Growth_May,232,U1496,HKVitals Omega-3,2025-06-10,3,4027
YouTube,HK_HeartHealth_July,195,U1497,MB Fat Burner,2025-05-10,4,3526
Twitter,HK_HeartHealth_July,861,U1498,HKVitals Omega-3,2025-05-22,1,3245
YouTube,Gritzo_Growth_May,542,U1499,Gritzo SuperMilk,2025-06-07,1,4673
Instagram,Gritzo_Growth_May,359,U1500,MB Fat Burner,2025-06-26,4,3081
Twitter,Gritzo_Growth_May,850,U1501,HKVitals Omega-3,2025-06-02,4,4703
Twitter,HK_HeartHealth_July,331,U1502,MuscleBlaze Whey,2025-05-22,2,3311
YouTube,MB_Shred_June,427,U1503,HKVitals Omega-3,2025-06-13,3,4590
YouTube,HK_HeartHealth_July,497,U1504,MuscleBlaze Whey,2025-06-06,3,869
YouTube,HK_HeartHealth_July,828,U1505,HKVitals Omega-3,2025-05-13,3,4243
Twitter,MB_Shred_June,486,U1506,HKVitals Omega-3,2025-05-27,4,2504
YouTube,Gritzo_Growth_May,808,U1507,HKVitals Omega-3,2025-05-15,3,2203
Instagram,HK_HeartHealth_July,449,U1508,MuscleBlaze Whey,2025-05-22,2,3824
YouTube,MB_Shred_June,413,U1509,HKVitals Omega-3,2025-05-30,4,940
YouTube,Gritzo_Growth_May,330,U1510,MB Fat Burner,2025-06-12,4,3757
Twitter,Gritzo_Growth_May,732,U1511,MB Fat Burner,2025-06-09,3,3406
YouTube,HK_HeartHealth_July,889,U1512,MB Fat Burner,2025-06-06,1,726
Twitter,Gritzo_Growth_May,991,U1513,MuscleBlaze Whey,2025-06-03,1,2901
YouTube,Gritzo_Growth_May,147,U1514,MuscleBlaze Whey,2025-06-13,2,1524
Instagram,MB_Shred_June,259,U1515,MB Fat Burner,2025-06-29,3,3991
Instagram,MB_Shred_June,292,U1516,MB Fat Burner,2025-06-03,3,4756
Twitter,Gritzo_Growth_May,811,U1517,MB Fat Burner,2025-06-27,4,1370
Twitter,MB_Shred_June,143,U1518,Gritzo SuperMilk,2025-06-17,4,3699
YouTube,Gritzo_Growth_May,993,U1519,MB Fat Burner,2025-06-22,3,2245
YouTube,HK_HeartHealth_July,937,U1520,HKVitals Omega-3,2025-06-04,4,943
Instagram,MB_Shred_June,747,U1521,Gritzo SuperMilk,2025-06-11,3,972
YouTube,Gritzo_Growth_May,627,U1522,Gritzo SuperMilk,2025-05-19,2,579
Instagram,Gritzo_Growth_May,365,U1523,MuscleBlaze Whey,2025-05-08,4,739
Twitter,MB_Shred_June,90,U1524,HKVitals Omega-3,2025-06-08,3,1089
YouTube,MB_Shred_June,720,U1525,MuscleBlaze Whey,2025-06-02,4,1860
Twitter,HK_HeartHealth_July,164,U1526,MuscleBlaze Whey,2025-06-13,2,2384
YouTube,Gritzo_Growth_May,481,U1527,HKVitals Omega-3,2025-05-28,4,2816
Instagram,HK_HeartHealth_July,84,U1528,MuscleBlaze Whey,2025-06-06,3,4930
Twitter,HK_HeartHealth_July,77,U1529,HKVitals Omega-3,2025-06-17,4,811
Twitter,HK_HeartHealth_July,673,U1530,HKVitals Omega-3,2025-05-25,4,1576
YouTube,MB_Shred_June,517,U1531,MuscleBlaze Whey,2025-06-05,3,533
Twitter,HK_HeartHealth_July,485,U1532,MB Fat Burner,2025-05-17,1,2341
Instagram,MB_Shred_June,590,U1533,MuscleBlaze Whey,2025-05-24,4,4981
Twitter,MB_Shred_June,603,U1534,Gritzo SuperMilk,2025-05-21,4,748
Twitter,HK_HeartHealth_July,599,U1535,MuscleBlaze Whey,2025-05-02,2,1634
YouTube,HK_HeartHealth_July,782,U1536,HKVitals Omega-3,2025-05-31,1,875
Twitter,Gritzo_Growth_May,104,U1537,Gritzo SuperMilk,2025-06-13,2,1223
YouTube,HK_HeartHealth_July,452,U1538,HKVitals Omega-3,2025-06-02,3,2413
YouTube,Gritzo_Growth_May,487,U1539,MB Fat Burner,2025-05-30,3,4797
Twitter,HK_HeartHealth_July,339,U1540,MB Fat Burner,2025-05-12,2,2992
Instagram,HK_HeartHealth_July,687,U1541,Gritzo SuperMilk,2025-06-13,4,2442
YouTube,HK_HeartHealth_July,566,U1542,MB Fat Burner,2025-05-12,1,4504
Twitter,HK_HeartHealth_July,900,U1543,MB Fat Burner,2025-06-20,2,2844
YouTube,Gritzo_Growth_May,478,U1544,MuscleBlaze Whey,2025-06-26,2,1831
Instagram,Gritzo_Growth_May,723,U1545,MuscleBlaze Whey,2025-06-18,3,837
Instagram,HK_HeartHealth_July,607,U1546,MB Fat Burner,2025-06-21,4,2365
YouTube,HK_HeartHealth_July,223,U1547,MB Fat Burner,2025-05-24,1,3637
Instagram,Gritzo_Growth_May,9,U1548,MuscleBlaze Whey,2025-05-24,2,1291
Twitter,MB_Shred_June,53,U1549,MB Fat Burner,2025-06-27,1,4111
Twitter,MB_Shred_June,77,U1550,MB Fat Burner,2025-06-29,1,4200
YouTube,MB_Shred_June,718,U1551,HKVitals Omega-3,2025-05-11,2,2016
Instagram,Gritzo_Growth_May,503,U1552,MB Fat Burner,2025-05-13,1,4453
Twitter,Gritzo_Growth_May,316,U1553,Gritzo SuperMilk,2025-05-27,3,4408
Twitter,MB_Shred_June,814,U1554,HKVitals Omega-3,2025-05-08,4,3173
Twitter,MB_Shred_June,822,U1555,Gritzo SuperMilk,2025-05-10,4,2622
YouTube,HK_HeartHealth_July,842,U1556,MB Fat Burner,2025-05-08,4,4285
YouTube,Gritzo_Growth_May,624,U1557,MuscleBlaze Whey,2025-05-20,3,558
Twitter,Gritzo_Growth_May,863,U1558,HKVitals Omega-3,2025-05-08,3,2933
Twitter,MB_Shred_June,165,U1559,MuscleBlaze Whey,2025-05-09,3,2562
Instagram,MB_Shred_June,279,U1560,HKVitals Omega-3,2025-05-07,4,1754
Instagram,Gritzo_Growth_May,27,U1561,MuscleBlaze Whey,2025-05-14,1,4188
Instagram,HK_HeartHealth_July,70,U1562,HKVitals Omega-3,2025-05-28,3,4248
YouTube,MB_Shred_June,218,U1563,HKVitals Omega-3,2025-05-02,2,4630
Twitter,Gritzo_Growth_May,962,U1564,Gritzo SuperMilk,2025-06-26,3,4757
YouTube,Gritzo_Growth_May,365,U1565,MuscleBlaze Whey,2025-06-12,2,3529
Twitter,HK_HeartHealth_July,701,U1566,Gritzo SuperMilk,2025-05-08,4,3346
Instagram,HK_HeartHealth_July,845,U1567,Gritzo SuperMilk,2025-05-13,2,970
Instagram,MB_Shred_June,947,U1568,MuscleBlaze Whey,2025-05-21,3,4535
Instagram,MB_Shred_June,306,U1569,HKVitals Omega-3,2025-06-16,3,3399
Instagram,MB_Shred_June,124,U1570,Gritzo SuperMilk,2025-05-28,1,1946
Twitter,Gritzo_Growth_May,19,U1571,MuscleBlaze Whey,2025-06-04,4,4943
Instagram,MB_Shred_June,257,U1572,HKVitals Omega-3,2025-05-23,2,1412
Twitter,Gritzo_Growth_May,296,U1573,Gritzo SuperMilk,2025-06-15,4,4742
Twitter,MB_Shred_June,928,U1574,Gritzo SuperMilk,2025-05-15,3,2211
YouTube,HK_HeartHealth_July,22,U1575,Gritzo SuperMilk,2025-05-02,1,1174
Instagram,HK_HeartHealth_July,880,U1576,HKVitals Omega-3,2025-06-20,3,1939
Instagram,Gritzo_Growth_May,989,U1577,Gritzo SuperMilk,2025-05-12,3,3234
YouTube,HK_HeartHealth_July,450,U1578,HKVitals Omega-3,2025-06-26,3,4130
Twitter,Gritzo_Growth_May,552,U1579,MB Fat Burner,2025-06-21,2,1185
Instagram,Gritzo_Growth_May,550,U1580,Gritzo SuperMilk,2025-06-05,3,1626
Twitter,HK_HeartHealth_July,48,U1581,MB Fat Burner,2025-05-03,4,4716
YouTube,Gritzo_Growth_May,695,U1582,MuscleBlaze Whey,2025-05-05,4,2966
Twitter,HK_HeartHealth_July,587,U1583,Gritzo SuperMilk,2025-05-03,1,2897
Instagram,MB_Shred_June,721,U1584,MuscleBlaze Whey,2025-06-26,4,4637
Twitter,MB_Shred_June,183,U1585,MuscleBlaze Whey,2025-06-16,3,3938
Twitter,HK_HeartHealth_July,435,U1586,MuscleBlaze Whey,2025-05-19,3,4624
Instagram,HK_HeartHealth_July,107,U1587,MB Fat Burner,2025-05-02,4,1465
Instagram,HK_HeartHealth_July,188,U1588,HKVitals Omega-3,2025-06-13,1,1419
Twitter,HK_HeartHealth_July,776,U1589,MB Fat Burner,2025-06-06,1,3372
Twitter,MB_Shred_June,86,U1590,MB Fat Burner,2025-06-23,4,2008
YouTube,Gritzo_Growth_May,836,U1591,MuscleBlaze Whey,2025-05-17,2,1712
Instagram,Gritzo_Growth_May,843,U1592,Gritzo SuperMilk,2025-05-14,2,1371
Twitter,MB_Shred_June,456,U1593,HKVitals Omega-3,2025-05-28,2,4890
Instagram,Gritzo_Growth_May,137,U1594,MuscleBlaze Whey,2025-05-27,2,3754
YouTube,MB_Shred_June,858,U1595,HKVitals Omega-3,2025-06-23,4,1363
Twitter,Gritzo_Growth_May,898,U1596,MB Fat Burner,2025-05-10,1,4453
Twitter,HK_HeartHealth_July,336,U1597,HKVitals Omega-3,2025-05-03,3,3608
Twitter,HK_HeartHealth_July,607,U1598,HKVitals Omega-3,2025-06-05,3,3555
Instagram,HK_HeartHealth_July,838,U1599,Gritzo SuperMilk,2025-06-07,4,4494
YouTube,MB_Shred_June,757,U1600,MuscleBlaze Whey,2025-06-25,3,3182
Instagram,MB_Shred_June,469,U1601,HKVitals Omega-3,2025-05-25,2,1113
Twitter,Gritzo_Growth_May,602,U1602,HKVitals Omega-3,2025-05-22,1,2372
YouTube,Gritzo_Growth_May,571,U1603,MB Fat Burner,2025-06-17,4,3654
Twitter,Gritzo_Growth_May,403,U1604,MB Fat Burner,2025-06-08,1,3873
Twitter,MB_Shred_June,540,U1605,HKVitals Omega-3,2025-06-16,4,3691
Instagram,Gritzo_Growth_May,72,U1606,MuscleBlaze Whey,2025-05-30,4,1067
Twitter,HK_HeartHealth_July,782,U1607,HKVitals Omega-3,2025-05-21,4,4633
YouTube,Gritzo_Growth_May,24,U1608,HKVitals Omega-3,2025-05-30,4,744
Twitter,HK_HeartHealth_July,624,U1609,Gritzo SuperMilk,2025-05-28,1,520
Twitter,MB_Shred_June,812,U1610,MuscleBlaze Whey,2025-05-31,3,893
Instagram,HK_HeartHealth_July,485,U1611,Gritzo SuperMilk,2025-06-26,4,4314
YouTube,HK_HeartHealth_July,56,U1612,MuscleBlaze Whey,2025-06-21,2,2555
Instagram,HK_HeartHealth_July,986,U1613,MuscleBlaze Whey,2025-05-26,4,4015
Twitter,MB_Shred_June,223,U1614,MuscleBlaze Whey,2025-06-12,1,2875
Instagram,MB_Shred_June,632,U1615,Gritzo SuperMilk,2025-05-22,4,2410
Instagram,MB_Shred_June,179,U1616,Gritzo SuperMilk,2025-05-21,2,789
Instagram,MB_Shred_June,800,U1617,Gritzo SuperMilk,2025-05-01,1,3058
Instagram,Gritzo_Growth_May,434,U1618,MB Fat Burner,2025-06-06,4,860
Twitter,MB_Shred_June,937,U1619,Gritzo SuperMilk,2025-05-13,2,2122
Twitter,HK_HeartHealth_July,450,U1620,MB Fat Burner,2025-05-21,1,4814
YouTube,MB_Shred_June,793,U1621,MB Fat Burner,2025-06-15,4,4594
Instagram,Gritzo_Growth_May,884,U1622,MB Fat Burner,2025-05-09,2,2953
Instagram,Gritzo_Growth_May,492,U1623,HKVitals Omega-3,2025-05-17,1,2515
YouTube,Gritzo_Growth_May,189,U1624,HKVitals Omega-3,2025-06-16,4,2540
Instagram,HK_HeartHealth_July,578,U1625,HKVitals Omega-3,2025-05-21,1,2544
YouTube,MB_Shred_June,810,U1626,MB Fat Burner,2025-05-31,2,3300
Twitter,MB_Shred_June,961,U1627,MB Fat Burner,2025-06-08,4,3470
YouTube,MB_Shred_June,420,U1628,MuscleBlaze Whey,2025-06-28,4,1331
Instagram,HK_HeartHealth_July,249,U1629,MB Fat Burner,2025-06-23,4,2293
YouTube,HK_HeartHealth_July,588,U1630,HKVitals Omega-3,2025-05-22,2,4192
Twitter,Gritzo_Growth_May,649,U1631,MB Fat Burner,2025-05-12,3,2291
Instagram,Gritzo_Growth_May,164,U1632,MB Fat Burner,2025-06-24,4,3341
Twitter,MB_Shred_June,745,U1633,MuscleBlaze Whey,2025-05-06,2,2654
Twitter,HK_HeartHealth_July,255,U1634,MB Fat Burner,2025-06-22,1,1080
YouTube,HK_HeartHealth_July,476,U1635,Gritzo SuperMilk,2025-05-16,1,3353
Twitter,MB_Shred_June,806,U1636,MuscleBlaze Whey,2025-05-26,2,2736
Instagram,MB_Shred_June,417,U1637,MB Fat Burner,2025-05-05,3,4676
Twitter,Gritzo_Growth_May,170,U1638,MB Fat Burner,2025-05-09,2,2655
Twitter,Gritzo_Growth_May,317,U1639,MuscleBlaze Whey,2025-06-15,1,1844
YouTube,Gritzo_Growth_May,174,U1640,MB Fat Burner,2025-06-09,1,845
Twitter,MB_Shred_June,470,U1641,HKVitals Omega-3,2025-05-14,4,2386
YouTube,MB_Shred_June,345,U1642,Gritzo SuperMilk,2025-06-13,3,1054
YouTube,Gritzo_Growth_May,445,U1643,Gritzo SuperMilk,2025-06-11,2,4270
Instagram,Gritzo_Growth_May,18,U1644,HKVitals Omega-3,2025-05-30,1,4897
Instagram,HK_HeartHealth_July,70,U1645,MB Fat Burner,2025-06-21,1,699
Instagram,HK_HeartHealth_July,338,U1646,MB Fat Burner,2025-06-21,1,3440
Instagram,Gritzo_Growth_May,628,U1647,Gritzo SuperMilk,2025-05-26,2,3990
YouTube,Gritzo_Growth_May,592,U1648,MB Fat Burner,2025-06-22,2,806
Twitter,HK_HeartHealth_July,527,U1649,Gritzo SuperMilk,2025-06-14,3,3575
Instagram,Gritzo_Growth_May,688,U1650,Gritzo SuperMilk,2025-05-29,4,2156
Instagram,HK_HeartHealth_July,456,U1651,HKVitals Omega-3,2025-05-19,4,3192
Instagram,HK_HeartHealth_July,269,U1652,Gritzo SuperMilk,2025-06-16,4,2264
Twitter,HK_HeartHealth_July,631,U1653,MB Fat Burner,2025-05-08,1,775
Instagram,MB_Shred_June,811,U1654,MB Fat Burner,2025-05-23,4,3861
Twitter,MB_Shred_June,188,U1655,MuscleBlaze Whey,2025-06-22,1,1901
YouTube,Gritzo_Growth_May,569,U1656,MB Fat Burner,2025-06-11,3,2275
YouTube,HK_HeartHealth_July,711,U1657,MuscleBlaze Whey,2025-06-04,1,3881
YouTube,MB_Shred_June,529,U1658,Gritzo SuperMilk,2025-05-31,3,4550
Twitter,Gritzo_Growth_May,434,U1659,MB Fat Burner,2025-06-22,3,3960
Instagram,Gritzo_Growth_May,288,U1660,HKVitals Omega-3,2025-06-04,4,2380
Instagram,Gritzo_Growth_May,918,U1661,HKVitals Omega-3,2025-06-01,4,4335
Instagram,Gritzo_Growth_May,567,U1662,HKVitals Omega-3,2025-06-27,1,4778
Instagram,Gritzo_Growth_May,499,U1663,Gritzo SuperMilk,2025-05-05,2,2344
Instagram,HK_HeartHealth_July,441,U1664,Gritzo SuperMilk,2025-05-16,4,3877
Twitter,Gritzo_Growth_May,781,U1665,MuscleBlaze Whey,2025-05-17,4,571
YouTube,HK_HeartHealth_July,303,U1666,HKVitals Omega-3,2025-06-01,2,2176
Instagram,MB_Shred_June,87,U1667,MuscleBlaze Whey,2025-06-07,2,1795
YouTube,Gritzo_Growth_May,830,U1668,MuscleBlaze Whey,2025-06-27,4,1543
Twitter,MB_Shred_June,438,U1669,MB Fat Burner,2025-06-01,2,3125
Twitter,HK_HeartHealth_July,541,U1670,MB Fat Burner,2025-06-21,1,3542
Instagram,HK_HeartHealth_July,22,U1671,HKVitals Omega-3,2025-05-20,3,1314
Twitter,MB_Shred_June,833,U1672,Gritzo SuperMilk,2025-06-17,3,2694
YouTube,Gritzo_Growth_May,797,U1673,MB Fat Burner,2025-06-25,4,4000
Instagram,Gritzo_Growth_May,560,U1674,Gritzo SuperMilk,2025-05-02,4,809
Instagram,MB_Shred_June,517,U1675,MuscleBlaze Whey,2025-05-20,1,2561
YouTube,MB_Shred_June,762,U1676,MuscleBlaze Whey,2025-06-16,2,4727
Instagram,MB_Shred_June,675,U1677,MuscleBlaze Whey,2025-05-18,4,2377
Instagram,Gritzo_Growth_May,503,U1678,MuscleBlaze Whey,2025-05-01,3,3302
YouTube,Gritzo_Growth_May,714,U1679,HKVitals Omega-3,2025-06-27,1,2986
Instagram,Gritzo_Growth_May,467,U1680,MuscleBlaze Whey,2025-05-29,1,4245
Instagram,MB_Shred_June,101,U1681,MB Fat Burner,2025-05-29,2,1294
YouTube,Gritzo_Growth_May,583,U1682,MuscleBlaze Whey,2025-05-19,4,4514
Twitter,HK_HeartHealth_July,942,U1683,Gritzo SuperMilk,2025-06-13,4,4853
YouTube,MB_Shred_June,675,U1684,MB Fat Burner,2025-06-09,1,3907
Instagram,Gritzo_Growth_May,685,U1685,Gritzo SuperMilk,2025-05-06,3,2956
YouTube,MB_Shred_June,141,U1686,Gritzo SuperMilk,2025-06-13,4,2351
Instagram,HK_HeartHealth_July,138,U1687,HKVitals Omega-3,2025-06-08,3,1474
Instagram,HK_HeartHealth_July,578,U1688,HKVitals Omega-3,2025-06-19,1,1547
YouTube,MB_Shred_June,710,U1689,Gritzo SuperMilk,2025-06-23,4,4866
Instagram,MB_Shred_June,840,U1690,Gritzo SuperMilk,2025-06-15,3,4737
Twitter,HK_HeartHealth_July,228,U1691,MuscleBlaze Whey,2025-05-08,1,4289
Instagram,MB_Shred_June,281,U1692,MB Fat Burner,2025-05-24,3,3521
YouTube,HK_HeartHealth_July,684,U1693,MuscleBlaze Whey,2025-05-20,4,4869
Twitter,HK_HeartHealth_July,828,U1694,HKVitals Omega-3,2025-06-23,2,4529
Twitter,Gritzo_Growth_May,431,U1695,HKVitals Omega-3,2025-05-14,3,964
Instagram,MB_Shred_June,40,U1696,MuscleBlaze Whey,2025-05-05,2,787
YouTube,MB_Shred_June,519,U1697,MB Fat Burner,2025-06-10,4,3695
Instagram,Gritzo_Growth_May,686,U1698,Gritzo SuperMilk,2025-06-09,2,1375
Instagram,HK_HeartHealth_July,663,U1699,MuscleBlaze Whey,2025-06-03,1,2492
YouTube,MB_Shred_June,211,U1700,HKVitals Omega-3,2025-06-29,2,3425
YouTube,Gritzo_Growth_May,302,U1701,MB Fat Burner,2025-05-16,3,1620
Instagram,Gritzo_Growth_May,86,U1702,HKVitals Omega-3,2025-06-14,3,946
Twitter,MB_Shred_June,397,U1703,MB Fat Burner,2025-05-07,2,3332
Instagram,Gritzo_Growth_May,253,U1704,MB Fat Burner,2025-05-16,1,4068
Twitter,HK_HeartHealth_July,533,U1705,MB Fat Burner,2025-05-07,4,3396
Instagram,Gritzo_Growth_May,769,U1706,MuscleBlaze Whey,2025-05-27,2,1221
YouTube,HK_HeartHealth_July,891,U1707,MuscleBlaze Whey,2025-05-14,3,2663
Twitter,HK_HeartHealth_July,915,U1708,MuscleBlaze Whey,2025-05-14,3,3082
YouTube,MB_Shred_June,381,U1709,MB Fat Burner,2025-06-13,2,1851
YouTube,Gritzo_Growth_May,444,U1710,MB Fat Burner,2025-06-02,2,4480
YouTube,HK_HeartHealth_July,33,U1711,HKVitals Omega-3,2025-06-02,2,3884
YouTube,HK_HeartHealth_July,260,U1712,Gritzo SuperMilk,2025-06-13,4,2225
YouTube,Gritzo_Growth_May,234,U1713,MuscleBlaze Whey,2025-05-20,3,1193
Instagram,HK_HeartHealth_July,515,U1714,MB Fat Burner,2025-06-22,3,3913
Twitter,Gritzo_Growth_May,859,U1715,HKVitals Omega-3,2025-06-16,3,994
Instagram,MB_Shred_June,308,U1716,HKVitals Omega-3,2025-06-05,4,1447
Instagram,HK_HeartHealth_July,739,U1717,HKVitals Omega-3,2025-05-07,1,522
Instagram,HK_HeartHealth_July,796,U1718,MuscleBlaze Whey,2025-06-01,3,1628
YouTube,Gritzo_Growth_May,70,U1719,MuscleBlaze Whey,2025-06-17,3,1057
Instagram,Gritzo_Growth_May,454,U1720,Gritzo SuperMilk,2025-05-03,1,2116
Twitter,Gritzo_Growth_May,439,U1721,HKVitals Omega-3,2025-06-08,4,4230
Instagram,Gritzo_Growth_May,825,U1722,MuscleBlaze Whey,2025-05-29,1,2156
YouTube,HK_HeartHealth_July,364,U1723,HKVitals Omega-3,2025-05-24,1,4673
Twitter,MB_Shred_June,983,U1724,MB Fat Burner,2025-05-22,1,1306
Twitter,MB_Shred_June,766,U1725,HKVitals Omega-3,2025-05-06,1,3812
Twitter,MB_Shred_June,481,U1726,Gritzo SuperMilk,2025-06-17,4,953
Twitter,MB_Shred_June,144,U1727,MuscleBlaze Whey,2025-05-24,4,3475
Instagram,Gritzo_Growth_May,24,U1728,MB Fat Burner,2025-06-09,1,2824
YouTube,HK_HeartHealth_July,965,U1729,MuscleBlaze Whey,2025-05-23,2,1947
Twitter,HK_HeartHealth_July,425,U1730,MB Fat Burner,2025-06-23,2,3061
Twitter,HK_HeartHealth_July,746,U1731,HKVitals Omega-3,2025-06-07,2,3011
YouTube,Gritzo_Growth_May,845,U1732,HKVitals Omega-3,2025-05-10,2,3371
Instagram,HK_HeartHealth_July,175,U1733,Gritzo SuperMilk,2025-05-16,3,862
Twitter,Gritzo_Growth_May,844,U1734,Gritzo SuperMilk,2025-05-11,4,3954
Instagram,HK_HeartHealth_July,325,U1735,MB Fat Burner,2025-06-01,4,3298
Instagram,MB_Shred_June,869,U1736,Gritzo SuperMilk,2025-06-14,1,3953
Instagram,Gritzo_Growth_May,671,U1737,Gritzo SuperMilk,2025-05-06,3,3755
Instagram,HK_HeartHealth_July,860,U1738,Gritzo SuperMilk,2025-05-24,1,1717
Twitter,MB_Shred_June,348,U1739,Gritzo SuperMilk,2025-06-02,1,1985
Twitter,MB_Shred_June,798,U1740,HKVitals Omega-3,2025-06-22,4,2603
Instagram,MB_Shred_June,18,U1741,Gritzo SuperMilk,2025-06-20,3,3036
Instagram,Gritzo_Growth_May,44,U1742,HKVitals Omega-3,2025-05-12,2,2355
YouTube,Gritzo_Growth_May,155,U1743,HKVitals Omega-3,2025-06-25,4,1707
YouTube,HK_HeartHealth_July,867,U1744,MuscleBlaze Whey,2025-05-27,3,1948
YouTube,MB_Shred_June,922,U1745,HKVitals Omega-3,2025-06-07,3,2007
Twitter,HK_HeartHealth_July,377,U1746,HKVitals Omega-3,2025-05-18,4,1503
YouTube,HK_HeartHealth_July,743,U1747,Gritzo SuperMilk,2025-06-14,4,1425
Twitter,MB_Shred_June,883,U1748,HKVitals Omega-3,2025-06-08,1,583
Twitter,HK_HeartHealth_July,828,U1749,MB Fat Burner,2025-06-24,1,4242
Twitter,Gritzo_Growth_May,402,U1750,Gritzo SuperMilk,2025-05-13,1,4427
Twitter,HK_HeartHealth_July,225,U1751,Gritzo SuperMilk,2025-06-22,2,2042
YouTube,MB_Shred_June,217,U1752,Gritzo SuperMilk,2025-06-09,4,1485
Instagram,Gritzo_Growth_May,568,U1753,MuscleBlaze Whey,2025-05-30,3,4731
Instagram,Gritzo_Growth_May,31,U1754,Gritzo SuperMilk,2025-06-22,4,1408
Instagram,HK_HeartHealth_July,869,U1755,HKVitals Omega-3,2025-06-18,3,3408
YouTube,HK_HeartHealth_July,59,U1756,MB Fat Burner,2025-06-10,2,3237
Instagram,Gritzo_Growth_May,892,U1757,Gritzo SuperMilk,2025-06-21,4,3086
YouTube,HK_HeartHealth_July,898,U1758,Gritzo SuperMilk,2025-05-13,3,1643
YouTube,MB_Shred_June,353,U1759,MB Fat Burner,2025-06-03,3,1831
YouTube,HK_HeartHealth_July,935,U1760,Gritzo SuperMilk,2025-06-05,1,3848
Instagram,HK_HeartHealth_July,445,U1761,MuscleBlaze Whey,2025-05-30,2,2053
Instagram,Gritzo_Growth_May,235,U1762,HKVitals Omega-3,2025-05-25,4,2842
Instagram,HK_HeartHealth_July,107,U1763,MB Fat Burner,2025-05-02,1,2306
Twitter,HK_HeartHealth_July,191,U1764,MB Fat Burner,2025-06-05,2,2600
YouTube,HK_HeartHealth_July,992,U1765,MuscleBlaze Whey,2025-05-18,1,1305
Twitter,MB_Shred_June,530,U1766,HKVitals Omega-3,2025-05-05,4,4647
YouTube,HK_HeartHealth_July,913,U1767,MuscleBlaze Whey,2025-05-19,3,3275
Instagram,MB_Shred_June,738,U1768,HKVitals Omega-3,2025-06-11,4,571
YouTube,MB_Shred_June,679,U1769,MuscleBlaze Whey,2025-05-18,2,527
YouTube,MB_Shred_June,583,U1770,Gritzo SuperMilk,2025-06-26,4,968
Twitter,MB_Shred_June,874,U1771,MuscleBlaze Whey,2025-06-01,2,4483
YouTube,Gritzo_Growth_May,566,U1772,MB Fat Burner,2025-05-21,1,1263
Instagram,MB_Shred_June,245,U1773,MB Fat Burner,2025-05-10,2,1924
YouTube,HK_HeartHealth_July,995,U1774,MB Fat Burner,2025-06-06,3,2748
YouTube,MB_Shred_June,862,U1775,MuscleBlaze Whey,2025-06-18,3,4332
YouTube,HK_HeartHealth_July,76,U1776,MB Fat Burner,2025-05-22,3,4560
Twitter,MB_Shred_June,547,U1777,MB Fat Burner,2025-05-13,1,4570
YouTube,Gritzo_Growth_May,267,U1778,Gritzo SuperMilk,2025-06-24,2,2175
YouTube,MB_Shred_June,317,U1779,Gritzo SuperMilk,2025-05-17,1,1059
Twitter,MB_Shred_June,812,U1780,HKVitals Omega-3,2025-05-09,4,4974
Twitter,Gritzo_Growth_May,121,U1781,HKVitals Omega-3,2025-05-24,4,4331
Twitter,MB_Shred_June,836,U1782,HKVitals Omega-3,2025-06-13,4,2418
Twitter,HK_HeartHealth_July,25,U1783,MuscleBlaze Whey,2025-05-14,4,578
Instagram,MB_Shred_June,432,U1784,HKVitals Omega-3,2025-06-15,3,4147
Instagram,MB_Shred_June,160,U1785,MuscleBlaze Whey,2025-05-08,2,1531
YouTube,MB_Shred_June,596,U1786,MuscleBlaze Whey,2025-06-24,3,2572
Instagram,Gritzo_Growth_May,114,U1787,HKVitals Omega-3,2025-06-06,2,1984
YouTube,MB_Shred_June,735,U1788,HKVitals Omega-3,2025-05-19,2,2745
Instagram,MB_Shred_June,900,U1789,MuscleBlaze Whey,2025-05-28,1,2050
Twitter,HK_HeartHealth_July,502,U1790,Gritzo SuperMilk,2025-06-15,4,2329
Twitter,MB_Shred_June,166,U1791,MB Fat Burner,2025-06-10,2,4251
Instagram,MB_Shred_June,703,U1792,MB Fat Burner,2025-05-30,4,2531
Instagram,MB_Shred_June,175,U1793,MB Fat Burner,2025-05-07,4,4959
YouTube,MB_Shred_June,1,U1794,Gritzo SuperMilk,2025-06-28,4,4356
YouTube,HK_HeartHealth_July,899,U1795,MuscleBlaze Whey,2025-06-27,3,2682
YouTube,HK_HeartHealth_July,741,U1796,HKVitals Omega-3,2025-05-26,4,4969
Twitter,Gritzo_Growth_May,86,U1797,MuscleBlaze Whey,2025-06-09,2,2594
Twitter,MB_Shred_June,574,U1798,MuscleBlaze Whey,2025-06-15,3,4403
Twitter,Gritzo_Growth_May,320,U1799,HKVitals Omega-3,2025-06-23,4,3532
Twitter,Gritzo_Growth_May,401,U1800,Gritzo SuperMilk,2025-06-29,1,2048
YouTube,MB_Shred_June,382,U1801,MB Fat Burner,2025-06-15,4,867
Twitter,HK_HeartHealth_July,718,U1802,MB Fat Burner,2025-05-11,4,564
Twitter,HK_HeartHealth_July,617,U1803,MuscleBlaze Whey,2025-05-14,3,3799
Twitter,MB_Shred_June,318,U1804,Gritzo SuperMilk,2025-05-21,2,2535
Twitter,MB_Shred_June,803,U1805,MB Fat Burner,2025-05-08,4,3363
Instagram,HK_HeartHealth_July,250,U1806,Gritzo SuperMilk,2025-05-03,3,2376
YouTube,MB_Shred_June,525,U1807,HKVitals Omega-3,2025-05-28,3,2728
YouTube,MB_Shred_June,675,U1808,MuscleBlaze Whey,2025-05-29,2,1096
Twitter,MB_Shred_June,555,U1809,MuscleBlaze Whey,2025-05-23,3,4106
Instagram,HK_HeartHealth_July,898,U1810,Gritzo SuperMilk,2025-05-18,2,3174
YouTube,Gritzo_Growth_May,952,U1811,MB Fat Burner,2025-06-04,1,4389
YouTube,Gritzo_Growth_May,623,U1812,Gritzo SuperMilk,2025-05-13,4,4006
Twitter,MB_Shred_June,717,U1813,HKVitals Omega-3,2025-05-12,3,2334
Twitter,HK_HeartHealth_July,896,U1814,MB Fat Burner,2025-06-16,1,1895
YouTube,MB_Shred_June,256,U1815,MB Fat Burner,2025-06-19,3,2086
YouTube,HK_HeartHealth_July,307,U1816,Gritzo SuperMilk,2025-05-05,3,611
Instagram,MB_Shred_June,950,U1817,HKVitals Omega-3,2025-06-08,1,952
YouTube,HK_HeartHealth_July,144,U1818,MB Fat Burner,2025-05-11,3,3303
YouTube,HK_HeartHealth_July,658,U1819,MuscleBlaze Whey,2025-06-27,3,3131
Twitter,Gritzo_Growth_May,391,U1820,HKVitals Omega-3,2025-06-28,1,2686
YouTube,MB_Shred_June,813,U1821,MB Fat Burner,2025-05-11,3,4848
Twitter,Gritzo_Growth_May,676,U1822,Gritzo SuperMilk,2025-06-28,2,2504
YouTube,Gritzo_Growth_May,169,U1823,MB Fat Burner,2025-06-16,3,1959
YouTube,HK_HeartHealth_July,990,U1824,MuscleBlaze Whey,2025-06-11,4,2442
YouTube,MB_Shred_June,298,U1825,HKVitals Omega-3,2025-06-16,3,3993
Instagram,HK_HeartHealth_July,233,U1826,MB Fat Burner,2025-05-31,4,2357
Twitter,HK_HeartHealth_July,903,U1827,MuscleBlaze Whey,2025-05-31,4,561
Instagram,HK_HeartHealth_July,271,U1828,MB Fat Burner,2025-05-13,3,1994
YouTube,MB_Shred_June,60,U1829,MB Fat Burner,2025-05-14,1,1680
Instagram,MB_Shred_June,296,U1830,HKVitals Omega-3,2025-06-18,2,3288
Twitter,HK_HeartHealth_July,467,U1831,Gritzo SuperMilk,2025-06-14,2,2375
YouTube,MB_Shred_June,235,U1832,Gritzo SuperMilk,2025-06-11,3,2708
Instagram,HK_HeartHealth_July,677,U1833,MuscleBlaze Whey,2025-05-25,1,605
Instagram,MB_Shred_June,706,U1834,MuscleBlaze Whey,2025-06-02,1,1654
Twitter,MB_Shred_June,234,U1835,MuscleBlaze Whey,2025-06-02,2,3928
Instagram,Gritzo_Growth_May,368,U1836,HKVitals Omega-3,2025-05-15,1,4587
Twitter,HK_HeartHealth_July,695,U1837,Gritzo SuperMilk,2025-05-16,3,2208
YouTube,Gritzo_Growth_May,845,U1838,MuscleBlaze Whey,2025-06-13,3,3323
YouTube,Gritzo_Growth_May,232,U1839,MuscleBlaze Whey,2025-06-27,1,4425
Instagram,HK_HeartHealth_July,873,U1840,MB Fat Burner,2025-06-25,3,2408
YouTube,HK_HeartHealth_July,491,U1841,MB Fat Burner,2025-06-07,4,2549
YouTube,MB_Shred_June,619,U1842,MuscleBlaze Whey,2025-05-06,2,4964
Instagram,HK_HeartHealth_July,503,U1843,MB Fat Burner,2025-06-13,3,1774
YouTube,Gritzo_Growth_May,890,U1844,MB Fat Burner,2025-05-25,1,1445
Instagram,Gritzo_Growth_May,735,U1845,MB Fat Burner,2025-05-15,2,4404
Twitter,HK_HeartHealth_July,592,U1846,HKVitals Omega-3,2025-05-04,3,2727
Twitter,Gritzo_Growth_May,746,U1847,MuscleBlaze Whey,2025-06-25,2,4296
Twitter,MB_Shred_June,381,U1848,MuscleBlaze Whey,2025-05-04,1,792
Instagram,Gritzo_Growth_May,696,U1849,MB Fat Burner,2025-05-30,4,2722
Instagram,MB_Shred_June,428,U1850,HKVitals Omega-3,2025-06-03,4,4473
YouTube,Gritzo_Growth_May,697,U1851,MB Fat Burner,2025-05-27,3,2991
YouTube,MB_Shred_June,646,U1852,HKVitals Omega-3,2025-05-31,4,2975
YouTube,MB_Shred_June,732,U1853,MuscleBlaze Whey,2025-06-25,3,4229
YouTube,HK_HeartHealth_July,800,U1854,MB Fat Burner,2025-06-01,2,927
YouTube,MB_Shred_June,364,U1855,MuscleBlaze Whey,2025-06-13,3,3472
Instagram,HK_HeartHealth_July,202,U1856,HKVitals Omega-3,2025-06-08,3,606
Instagram,Gritzo_Growth_May,882,U1857,Gritzo SuperMilk,2025-06-21,3,4119
Twitter,Gritzo_Growth_May,146,U1858,HKVitals Omega-3,2025-05-09,4,3833
Twitter,Gritzo_Growth_May,836,U1859,Gritzo SuperMilk,2025-06-10,3,4492
Twitter,MB_Shred_June,639,U1860,MuscleBlaze Whey,2025-05-08,1,1725
Twitter,Gritzo_Growth_May,457,U1861,MuscleBlaze Whey,2025-05-14,3,4504
Instagram,Gritzo_Growth_May,135,U1862,MB Fat Burner,2025-06-02,2,4750
Instagram,HK_HeartHealth_July,626,U1863,Gritzo SuperMilk,2025-05-23,1,3868
Instagram,HK_HeartHealth_July,264,U1864,HKVitals Omega-3,2025-05-21,2,1395
YouTube,Gritzo_Growth_May,64,U1865,MuscleBlaze Whey,2025-06-24,2,4405
YouTube,Gritzo_Growth_May,491,U1866,Gritzo SuperMilk,2025-05-12,2,2120
Twitter,MB_Shred_June,647,U1867,HKVitals Omega-3,2025-06-26,1,4363
YouTube,MB_Shred_June,41,U1868,Gritzo SuperMilk,2025-05-02,1,2792
Instagram,Gritzo_Growth_May,296,U1869,HKVitals Omega-3,2025-05-13,4,1885
Twitter,HK_HeartHealth_July,3,U1870,HKVitals Omega-3,2025-06-28,1,4399
Twitter,Gritzo_Growth_May,913,U1871,HKVitals Omega-3,2025-05-04,3,4092
YouTube,MB_Shred_June,706,U1872,HKVitals Omega-3,2025-05-20,2,2933
Twitter,HK_HeartHealth_July,975,U1873,Gritzo SuperMilk,2025-06-19,4,3306
YouTube,HK_HeartHealth_July,110,U1874,Gritzo SuperMilk,2025-06-20,1,3883
YouTube,MB_Shred_June,221,U1875,MB Fat Burner,2025-06-17,2,1801
Twitter,Gritzo_Growth_May,370,U1876,Gritzo SuperMilk,2025-06-28,1,1258
YouTube,Gritzo_Growth_May,368,U1877,Gritzo SuperMilk,2025-05-14,4,1246
YouTube,Gritzo_Growth_May,436,U1878,MB Fat Burner,2025-05-30,1,1092
YouTube,MB_Shred_June,918,U1879,Gritzo SuperMilk,2025-05-29,1,3386
YouTube,HK_HeartHealth_July,4,U1880,HKVitals Omega-3,2025-05-08,2,4611
Twitter,MB_Shred_June,244,U1881,MuscleBlaze Whey,2025-05-12,3,1568
Instagram,Gritzo_Growth_May,902,U1882,MuscleBlaze Whey,2025-06-10,1,3807
Instagram,MB_Shred_June,166,U1883,MB Fat Burner,2025-06-07,4,1202
YouTube,HK_HeartHealth_July,26,U1884,Gritzo SuperMilk,2025-05-26,1,604
YouTube,MB_Shred_June,395,U1885,Gritzo SuperMilk,2025-06-19,1,1997
YouTube,Gritzo_Growth_May,474,U1886,MB Fat Burner,2025-05-02,3,4333
Instagram,HK_HeartHealth_July,17,U1887,MuscleBlaze Whey,2025-06-24,2,895
YouTube,MB_Shred_June,728,U1888,HKVitals Omega-3,2025-06-09,4,4017
Twitter,MB_Shred_June,92,U1889,Gritzo SuperMilk,2025-06-25,2,3153
Twitter,HK_HeartHealth_July,483,U1890,MB Fat Burner,2025-05-14,2,3791
Twitter,HK_HeartHealth_July,543,U1891,HKVitals Omega-3,2025-05-06,2,2510
Instagram,Gritzo_Growth_May,205,U1892,MB Fat Burner,2025-06-11,1,4381
YouTube,HK_HeartHealth_July,502,U1893,MB Fat Burner,2025-06-09,3,2488
YouTube,Gritzo_Growth_May,931,U1894,MB Fat Burner,2025-05-31,1,2168
YouTube,MB_Shred_June,400,U1895,MuscleBlaze Whey,2025-05-17,4,1551
Instagram,Gritzo_Growth_May,207,U1896,MuscleBlaze Whey,2025-05-25,3,3341
Instagram,MB_Shred_June,619,U1897,MB Fat Burner,2025-06-01,2,4084
Instagram,HK_HeartHealth_July,146,U1898,Gritzo SuperMilk,2025-05-12,3,847
Instagram,MB_Shred_June,879,U1899,HKVitals Omega-3,2025-06-18,4,1763
Twitter,HK_HeartHealth_July,101,U1900,Gritzo SuperMilk,2025-05-13,1,3242
Instagram,MB_Shred_June,880,U1901,MuscleBlaze Whey,2025-05-19,1,2573
Instagram,MB_Shred_June,830,U1902,HKVitals Omega-3,2025-06-13,2,3648
Instagram,MB_Shred_June,880,U1903,MB Fat Burner,2025-06-17,1,1851
YouTube,MB_Shred_June,241,U1904,Gritzo SuperMilk,2025-05-25,1,3321
YouTube,Gritzo_Growth_May,923,U1905,Gritzo SuperMilk,2025-05-31,4,4327
YouTube,MB_Shred_June,759,U1906,MB Fat Burner,2025-06-28,3,1169
Twitter,Gritzo_Growth_May,163,U1907,Gritzo SuperMilk,2025-06-06,1,3146
Twitter,HK_HeartHealth_July,884,U1908,MuscleBlaze Whey,2025-05-25,4,766
Instagram,HK_HeartHealth_July,173,U1909,MB Fat Burner,2025-05-16,4,1938
YouTube,Gritzo_Growth_May,502,U1910,Gritzo SuperMilk,2025-06-26,2,3193
Twitter,HK_HeartHealth_July,547,U1911,MB Fat Burner,2025-06-07,4,1522
YouTube,HK_HeartHealth_July,284,U1912,HKVitals Omega-3,2025-06-12,2,2537
Twitter,MB_Shred_June,359,U1913,MB Fat Burner,2025-06-18,1,1064
Twitter,MB_Shred_June,381,U1914,Gritzo SuperMilk,2025-06-27,2,1559
Instagram,MB_Shred_June,870,U1915,MuscleBlaze Whey,2025-05-23,4,1924
Instagram,Gritzo_Growth_May,905,U1916,MB Fat Burner,2025-05-14,3,4623
Twitter,Gritzo_Growth_May,972,U1917,MB Fat Burner,2025-05-06,3,719
Instagram,HK_HeartHealth_July,911,U1918,Gritzo SuperMilk,2025-05-25,1,905
Twitter,MB_Shred_June,533,U1919,MuscleBlaze Whey,2025-05-23,1,2137
Twitter,Gritzo_Growth_May,820,U1920,MuscleBlaze Whey,2025-06-29,3,2818
YouTube,Gritzo_Growth_May,163,U1921,HKVitals Omega-3,2025-06-12,2,2259
Instagram,MB_Shred_June,609,U1922,HKVitals Omega-3,2025-05-12,1,2174
Instagram,Gritzo_Growth_May,307,U1923,Gritzo SuperMilk,2025-05-13,4,1291
Instagram,MB_Shred_June,339,U1924,MuscleBlaze Whey,2025-06-05,1,4082
YouTube,HK_HeartHealth_July,55,U1925,MuscleBlaze Whey,2025-06-08,2,1809
YouTube,HK_HeartHealth_July,983,U1926,HKVitals Omega-3,2025-06-03,1,4333
YouTube,HK_HeartHealth_July,333,U1927,HKVitals Omega-3,2025-05-06,4,4912
Instagram,MB_Shred_June,127,U1928,Gritzo SuperMilk,2025-06-07,4,1830
Instagram,Gritzo_Growth_May,940,U1929,MuscleBlaze Whey,2025-06-19,4,4946
Instagram,HK_HeartHealth_July,705,U1930,MB Fat Burner,2025-06-21,2,1010
YouTube,HK_HeartHealth_July,243,U1931,HKVitals Omega-3,2025-06-09,2,3072
YouTube,HK_HeartHealth_July,861,U1932,Gritzo SuperMilk,2025-05-08,4,4429
Twitter,Gritzo_Growth_May,600,U1933,MuscleBlaze Whey,2025-05-08,4,991
YouTube,Gritzo_Growth_May,848,U1934,MuscleBlaze Whey,2025-06-09,2,2117
Twitter,MB_Shred_June,409,U1935,HKVitals Omega-3,2025-06-02,2,2556
Instagram,HK_HeartHealth_July,503,U1936,Gritzo SuperMilk,2025-06-03,2,2020
YouTube,Gritzo_Growth_May,727,U1937,MB Fat Burner,2025-06-13,3,2083
Instagram,MB_Shred_June,604,U1938,HKVitals Omega-3,2025-05-15,2,2075
Instagram,HK_HeartHealth_July,303,U1939,Gritzo SuperMilk,2025-06-05,4,4446
Instagram,Gritzo_Growth_May,464,U1940,MuscleBlaze Whey,2025-06-29,3,2261
Instagram,Gritzo_Growth_May,235,U1941,MB Fat Burner,2025-06-26,2,2491
YouTube,MB_Shred_June,696,U1942,Gritzo SuperMilk,2025-06-04,4,3679
Instagram,HK_HeartHealth_July,38,U1943,MB Fat Burner,2025-06-15,1,3826
Twitter,HK_HeartHealth_July,139,U1944,Gritzo SuperMilk,2025-05-22,3,1546
YouTube,Gritzo_Growth_May,195,U1945,Gritzo SuperMilk,2025-05-23,4,3392
Instagram,HK_HeartHealth_July,527,U1946,Gritzo SuperMilk,2025-06-09,1,3113
YouTube,MB_Shred_June,769,U1947,Gritzo SuperMilk,2025-06-14,4,4392
Twitter,Gritzo_Growth_May,647,U1948,MB Fat Burner,2025-06-24,2,4644
Instagram,Gritzo_Growth_May,1,U1949,HKVitals Omega-3,2025-06-20,2,961
Twitter,MB_Shred_June,561,U1950,MB Fat Burner,2025-05-22,1,4931
Instagram,Gritzo_Growth_May,96,U1951,Gritzo SuperMilk,2025-05-05,2,1881
Twitter,HK_HeartHealth_July,713,U1952,MB Fat Burner,2025-05-31,4,1645
Instagram,HK_HeartHealth_July,413,U1953,MB Fat Burner,2025-05-13,1,4015
YouTube,Gritzo_Growth_May,538,U1954,MB Fat Burner,2025-05-28,4,4954
Instagram,MB_Shred_June,855,U1955,Gritzo SuperMilk,2025-06-27,4,692
YouTube,MB_Shred_June,429,U1956,MB Fat Burner,2025-05-20,4,4034
Instagram,HK_HeartHealth_July,235,U1957,MuscleBlaze Whey,2025-06-02,2,1255
Instagram,MB_Shred_June,349,U1958,Gritzo SuperMilk,2025-05-16,2,2184
Twitter,Gritzo_Growth_May,756,U1959,MB Fat Burner,2025-05-29,4,3025
Twitter,Gritzo_Growth_May,870,U1960,MuscleBlaze Whey,2025-05-23,3,1327
Twitter,HK_HeartHealth_July,481,U1961,MB Fat Burner,2025-05-24,4,1389
Instagram,HK_HeartHealth_July,839,U1962,HKVitals Omega-3,2025-06-03,4,2955
Instagram,HK_HeartHealth_July,396,U1963,MB Fat Burner,2025-05-07,1,2833
Instagram,MB_Shred_June,351,U1964,MB Fat Burner,2025-06-07,4,610
YouTube,Gritzo_Growth_May,416,U1965,HKVitals Omega-3,2025-06-06,2,1292
YouTube,Gritzo_Growth_May,886,U1966,Gritzo SuperMilk,2025-05-04,1,3143
Instagram,Gritzo_Growth_May,916,U1967,HKVitals Omega-3,2025-06-03,3,3914
Twitter,HK_HeartHealth_July,887,U1968,Gritzo SuperMilk,2025-06-11,1,1809
Twitter,Gritzo_Growth_May,51,U1969,HKVitals Omega-3,2025-05-22,3,796
Twitter,MB_Shred_June,81,U1970,MB Fat Burner,2025-05-05,1,2129
Instagram,MB_Shred_June,36,U1971,MB Fat Burner,2025-06-19,1,1068
Twitter,Gritzo_Growth_May,67,U1972,Gritzo SuperMilk,2025-06-11,3,4611
Instagram,HK_HeartHealth_July,641,U1973,Gritzo SuperMilk,2025-05-23,2,571
YouTube,Gritzo_Growth_May,882,U1974,MuscleBlaze Whey,2025-06-23,2,4865
Twitter,MB_Shred_June,667,U1975,MuscleBlaze Whey,2025-06-29,2,4882
YouTube,MB_Shred_June,757,U1976,MB Fat Burner,2025-05-15,1,565
Twitter,MB_Shred_June,623,U1977,MB Fat Burner,2025-05-31,4,1379
Instagram,Gritzo_Growth_May,680,U1978,MuscleBlaze Whey,2025-06-28,1,567
Instagram,MB_Shred_June,481,U1979,MuscleBlaze Whey,2025-05-09,4,1716
Instagram,HK_HeartHealth_July,468,U1980,Gritzo SuperMilk,2025-06-12,4,3527
Instagram,Gritzo_Growth_May,142,U1981,HKVitals Omega-3,2025-06-27,2,3739
Twitter,Gritzo_Growth_May,356,U1982,Gritzo SuperMilk,2025-06-22,4,3980
YouTube,MB_Shred_June,709,U1983,MuscleBlaze Whey,2025-05-25,1,1007
Instagram,MB_Shred_June,471,U1984,MB Fat Burner,2025-05-25,1,4214
Twitter,HK_HeartHealth_July,621,U1985,MuscleBlaze Whey,2025-06-18,2,3384
YouTube,Gritzo_Growth_May,888,U1986,MB Fat Burner,2025-05-21,3,1625
Instagram,MB_Shred_June,591,U1987,MB Fat Burner,2025-05-09,1,1385
YouTube,HK_HeartHealth_July,902,U1988,MB Fat Burner,2025-06-24,4,3341
Instagram,MB_Shred_June,673,U1989,MB Fat Burner,2025-06-17,1,4377
YouTube,Gritzo_Growth_May,439,U1990,HKVitals Omega-3,2025-06-07,1,3025
YouTube,MB_Shred_June,531,U1991,MuscleBlaze Whey,2025-05-22,1,1425
Instagram,Gritzo_Growth_May,127,U1992,Gritzo SuperMilk,2025-06-12,3,4715
Twitter,MB_Shred_June,205,U1993,MB Fat Burner,2025-05-23,4,2438
YouTube,Gritzo_Growth_May,29,U1994,MB Fat Burner,2025-06-18,2,4314
Instagram,HK_HeartHealth_July,445,U1995,Gritzo SuperMilk,2025-05-04,1,3862
YouTube,Gritzo_Growth_May,966,U1996,Gritzo SuperMilk,2025-05-29,4,3732
YouTube,HK_HeartHealth_July,719,U1997,MB Fat Burner,2025-05-15,4,4244
Twitter,Gritzo_Growth_May,464,U1998,Gritzo SuperMilk,2025-05-01,2,3965
YouTube,HK_HeartHealth_July,280,U1999,Gritzo SuperMilk,2025-06-23,1,940
